cell_id,cd3,cd4,cd8,cd16,cd19,cd33
cell_5624,0,0.8150004148483276,0.2157684713602066,3.757678985595703,0,0.12260457128286362
cell_587,3.767674446105957,3.4128775596618652,0.7672359943389893,0.48020491003990173,0.3094319701194763,1.1659727096557617
cell_2867,3.352306842803955,0.10809625685214996,4.783771514892578,0.9378550052642822,1.5080417394638062,0
cell_1795,0.7778573036193848,0,0.8952023386955261,3.8516902923583984,0.4936293363571167,0
cell_4167,3.280669689178467,0.53733891248703,4.713303089141846,1.632504940032959,0,0
cell_684,0.33726492524147034,0.5614129900932312,0.7296991944313049,3.722360849380493,0,0.25371456146240234
cell_4794,0.9402450323104858,0.5127914547920227,0.6012669801712036,3.2539021968841553,0,0
cell_307,1.144928216934204,1.0108925104141235,0,0.2175152450799942,0.9380709528923035,2.871433973312378
cell_2360,0.49211010336875916,0.046438153833150864,1.9517207145690918,0.5545457005500793,1.8228516578674316,0
cell_6558,0.7436897158622742,1.2981072664260864,0,0,0.3898718059062958,2.5972628593444824
cell_5505,2.097108840942383,8.921775734052062e-4,0,1.1138343811035156,0,0
cell_767,4.51144552230835,1.5419245958328247,4.367743015289307,0.8218483328819275,0.22736187279224396,0
cell_411,3.991809368133545,0.274828165769577,4.159351348876953,0.5519492626190186,0.2091604769229889,0.5187738537788391
cell_9776,0,0.640060305595398,1.4177006483078003,3.2891845703125,0.3315381109714508,0.9430947303771973
cell_5296,1.1791893243789673,0.8373315334320068,1.7935512065887451,4.251917839050293,0,0
cell_6013,3.0967857837677,0,4.5770344734191895,1.0675513744354248,0.15215618908405304,0.13572444021701813
cell_898,4.170605182647705,3.04775333404541,0.9044947624206543,0.819781482219696,0.4490852653980255,0
cell_1952,0.2869625687599182,0,2.6414809226989746,3.553901195526123,0,1.542197585105896
cell_4399,4.2146992683410645,0.546328604221344,3.753685235977173,0.16800983250141144,0.5880258679389954,0
cell_8389,1.0867464542388916,0.10038334876298904,1.3363368511199951,3.428940534591675,0,0.09215547144412994
cell_8000,3.127466917037964,0.0666988343000412,4.710676193237305,0.29897889494895935,0.2622387111186981,0
cell_9072,3.250574827194214,0,1.7339462041854858,0.4348818361759186,0.7292378544807434,0
cell_433,4.517677307128906,0.5639557838439941,4.882477283477783,1.1170591115951538,0.5350975394248962,0.8694249391555786
cell_4299,4.288234710693359,3.8972694873809814,0.8410415053367615,0,0.3178384006023407,0
cell_5525,3.483781337738037,0.168206125497818,4.49572229385376,0,0,1.4248988628387451
cell_9908,0.2831556797027588,0.13155682384967804,1.2146258354187012,3.5901296138763428,0.11631904542446136,0
cell_9281,3.6595873832702637,3.3900279998779297,1.5320976972579956,0,0.17871451377868652,0.8968076705932617
cell_4248,4.17179012298584,0,5.278554439544678,0.30445197224617004,0.2070511132478714,0
cell_9084,4.354889869689941,0.16027255356311798,4.42407751083374,1.4446061849594116,0.38189518451690674,0
cell_9531,0.13533999025821686,0.06330035626888275,1.855358362197876,1.916558861732483,2.474364995956421,0
cell_3872,2.987966537475586,0,4.874484539031982,1.1242257356643677,0.06640607118606567,0
cell_4493,4.431008815765381,3.123975992202759,1.0896966457366943,0,0.08293817937374115,1.1322896480560303
cell_9342,0,0.6007826924324036,0.8084890842437744,3.120718002319336,0,0
cell_3997,0.3312302231788635,0,0.5544192790985107,0.2607499063014984,2.974243402481079,0.17906944453716278
cell_4669,0.3905317485332489,0.12633265554904938,2.130721092224121,0.8888965845108032,2.935157060623169,0.5339823961257935
cell_6789,0.0159987173974514,0.8728614449501038,0,4.178419589996338,0,0.8420076966285706
cell_8426,3.14528489112854,0.6497825980186462,3.6649413108825684,0,0.7415662407875061,1.864021897315979
cell_4532,3.459136962890625,3.853473424911499,0,0.9505811333656311,0.46701276302337646,0.6424606442451477
cell_974,1.4563019275665283,0,0.4507598280906677,3.6638355255126953,1.8671727180480957,0
cell_3632,4.882306098937988,3.8235714435577393,0.40916553139686584,0.2863115668296814,0.08213043957948685,0
cell_6090,1.1563117504119873,0.7097563147544861,1.656593680381775,4.335809230804443,0,0.21280060708522797
cell_8610,0.7836700677871704,0.21083423495292664,0,3.3181612491607666,0.15678256750106812,0
cell_6272,0,0,0.31967073678970337,3.526177406311035,0,0
cell_4907,5.397930145263672,3.7290332317352295,4.68701171875,0,1.378340244293213,0.5014120936393738
cell_4630,4.054096221923828,3.4690301418304443,0.6921017169952393,0.9141822457313538,0,0.18477007746696472
cell_779,3.576211929321289,0.7848308682441711,4.984627723693848,0.8086320161819458,0,1.2558051347732544
cell_8730,2.957186460494995,0,3.065068483352661,0,0.12763112783432007,0
cell_4721,3.6362383365631104,3.2448768615722656,0.40312033891677856,0.16005158424377441,0.022674251347780228,0.42281726002693176
cell_3842,4.264741897583008,0.5655429363250732,3.575704574584961,0,0,0
cell_2996,0.6636927127838135,0.28026485443115234,1.239263653755188,3.5152571201324463,0.36140525341033936,0
cell_8311,0,0.17822061479091644,1.7373329401016235,4.013078689575195,0,0
cell_2581,0.48317238688468933,0.32777416706085205,0.686516523361206,3.728724241256714,0,0.2618735432624817
cell_1464,3.707486391067505,0,3.6480553150177,0.16365914046764374,0.3702874779701233,0
cell_9965,0,0,1.126627802848816,3.498073101043701,0,0
cell_5512,2.4969241619110107,0.18779030442237854,4.58144998550415,0,0.038098398596048355,0.7076402902603149
cell_1012,5.031814098358154,3.288278818130493,0.4614950716495514,1.528229832649231,0,0.07264796644449234
cell_2369,3.7951252460479736,0.4233646094799042,5.188608646392822,0,0,1.6763585805892944
cell_225,0.8445468544960022,0,0.3549432158470154,3.099700927734375,0,0
cell_8496,0.45410943031311035,0.32186931371688843,2.0256552696228027,3.3537113666534424,0,0
cell_1076,4.949102878570557,3.450287342071533,0,0,0.3470071852207184,0
cell_2127,5.86009060498327e-4,0.041723739355802536,2.186746120452881,3.9026193618774414,0,0.24768254160881042
cell_4876,3.4617137908935547,0.24560965597629547,4.307068824768066,0,0.04101457819342613,0
cell_3892,4.831510066986084,3.7498703002929688,0,0,0.03400298207998276,0.48310479521751404
cell_1661,3.252075433731079,0.5407085418701172,1.7377090454101562,0,0,0
cell_9773,0.43153783679008484,1.0776869058609009,2.4641354084014893,4.381733417510986,0.34130749106407166,0.01679755002260208
cell_2642,3.7079691886901855,0,3.6108431816101074,0.5654529929161072,0,1.0366532802581787
cell_445,4.911704063415527,4.089343547821045,0.6192947626113892,1.4702306985855103,0.49060505628585815,0.6410291790962219
cell_702,0,0,3.3930888175964355,0.8301198482513428,0.9945283532142639,0.18280911445617676
cell_2682,4.425713062286377,3.6637933254241943,0,0.7693831920623779,0.39311814308166504,0.11857377737760544
cell_4658,1.3323118686676025,1.0801385641098022,0.4452134668827057,1.8495031595230103,0.22899571061134338,2.0108230113983154
cell_9349,0.7976773381233215,0,0.8760093450546265,1.2080137729644775,0.48418715596199036,2.736691951751709
cell_9377,0,0.19210577011108398,0,1.0705387592315674,0.41126906871795654,2.271620035171509
cell_6976,0,0.6964094638824463,1.9263732433319092,3.8387012481689453,0.40285295248031616,0.027405302971601486
cell_935,0.09608090668916702,0.34745386242866516,2.8963124752044678,3.2877118587493896,0,0
cell_6203,0.5639148950576782,0,2.0059993267059326,3.9517581462860107,0.12259793281555176,0
cell_3426,3.6768016815185547,0,4.814055919647217,1.7524162530899048,0.6629584431648254,2.2705161571502686
cell_6257,0.10062700510025024,0.04621225222945213,2.4918148517608643,3.9028844833374023,0,0
cell_6263,0,0,1.1330195665359497,0,2.1623311042785645,0
cell_4137,0,1.1546093225479126,1.6005291938781738,3.578214406967163,0.3327787220478058,0
cell_8627,3.5649845600128174,0.17840467393398285,2.6980223655700684,0,0,0.24746902287006378
cell_1732,0.3594442307949066,0.13248199224472046,1.9910155534744263,3.771151304244995,0,0
cell_840,3.3034744262695312,3.3930368423461914,0.6640042662620544,0,0.0011449562152847648,0.16156505048274994
cell_4132,3.886040687561035,0.10867674648761749,5.221508502960205,0,0,0
cell_4169,4.001709461212158,0.6073524951934814,3.8780720233917236,0.7328251004219055,0,0
cell_4695,4.032331466674805,0.42698028683662415,4.978524684906006,0.7852231860160828,0.25571417808532715,0.19421124458312988
cell_969,0.3517466187477112,0.7504993677139282,1.967899203300476,4.137890338897705,0.1128171905875206,0.3578498065471649
cell_6938,4.827347278594971,3.8614540100097656,1.6136611700057983,0,0.19463790953159332,0.8240035772323608
cell_2390,4.478130340576172,0,4.744740009307861,2.1053764820098877,0,0
cell_6153,1.342002511024475,1.2930104732513428,0,0.9615894556045532,0,2.6206905841827393
cell_179,4.672416687011719,3.5580525398254395,0,0.3132874369621277,0.1462334394454956,0
cell_6371,1.746776819229126,0.8225374221801758,2.0881364345550537,0.7222709655761719,0,1.0951306819915771
cell_1828,0,0.4519602358341217,0.28397563099861145,3.7358665466308594,0.16670826077461243,0
cell_1967,4.633708477020264,3.6028594970703125,1.5040837526321411,0.6686246991157532,0.9152011275291443,1.6285834312438965
cell_9893,1.0343425273895264,0,1.4903253316879272,2.9001145362854004,0.23863036930561066,0.8302509188652039
cell_5513,0,0,0.7299481630325317,3.279083013534546,0,0
cell_2146,3.3992297649383545,0,4.21695613861084,0,1.195636510848999,0
cell_4734,4.352154731750488,2.9905760288238525,1.144881248474121,0.7616251707077026,0.14372271299362183,0.30305054783821106
cell_4633,3.8875341415405273,0.46727147698402405,4.818092346191406,1.0409449338912964,0.025389498099684715,1.3882832527160645
cell_9887,1.3646776676177979,0.4668726325035095,2.396289348602295,1.3011915683746338,2.957801342010498,0.01583677902817726
cell_138,3.6494204998016357,0.6690749526023865,4.602916717529297,0.3681112825870514,0,0
cell_6271,3.4841628074645996,0.08683022856712341,3.418693780899048,1.1870925426483154,0,0.7702625393867493
cell_7307,3.665449857711792,0.4152055084705353,4.319997310638428,1.8493672609329224,1.141741394996643,0
cell_218,3.654778480529785,0.7876224517822266,3.1618216037750244,1.9396623373031616,0.1372894048690796,1.0687861442565918
cell_8461,0.9951052665710449,0.5196126103401184,0.4481648802757263,4.003454208374023,0,0.004249282646924257
cell_192,0.17479898035526276,0,1.4745455980300903,2.556490659713745,0.22705355286598206,0.448532372713089
cell_9427,3.785890817642212,0,5.052989482879639,0,0,0
cell_6599,1.2432307004928589,0.6260789036750793,1.5734013319015503,4.212926864624023,0,0.785557746887207
cell_7002,0.26963239908218384,0.39126190543174744,0,0.2682998478412628,0,2.0333542823791504
cell_9486,0.8689854741096497,0,0.4496448338031769,4.30538272857666,0,0.033142056316137314
cell_4142,1.5337133407592773,0.08983869850635529,2.1321966648101807,0,0,0.012452904134988785
cell_1071,0.9384908676147461,0.45886510610580444,0,0,1.584332823753357,0.16176381707191467
cell_280,3.855421543121338,0.6986146569252014,5.226154804229736,1.5752837657928467,0.45134419202804565,1.7108681201934814
cell_2083,0.841245710849762,0.07892578095197678,1.5594022274017334,3.595184087753296,0.016975516453385353,0.42470788955688477
cell_5479,0,0,2.6658458709716797,3.7907931804656982,0,0
cell_9220,3.8966751098632812,0,0,1.1652836799621582,0,0.5645257830619812
cell_6154,3.7223596572875977,1.1963266134262085,3.6535863876342773,0,0,0
cell_215,1.4804221391677856,0.5217341184616089,0,4.04986572265625,0,1.3897557258605957
cell_2816,4.3184027671813965,3.6379687786102295,0.21508555114269257,0.29406532645225525,0,0.8133902549743652
cell_7263,3.578584909439087,1.0368971824645996,4.414520740509033,0,0.43511542677879333,0.012568679638206959
cell_7258,2.9913525581359863,0.05888446420431137,2.920625686645508,0.34962886571884155,0,0.6678658127784729
cell_4009,0.6883798241615295,0.03976285830140114,4.055570602416992,0.13273368775844574,2.4766390323638916,0.7726274728775024
cell_1174,2.9758949279785156,3.5916078090667725,1.1665488481521606,0.08207949995994568,0,0.151819109916687
cell_2420,1.1188312768936157,0,3.2015511989593506,0.45816361904144287,0.9064412713050842,0.9058011770248413
cell_2763,0,0.11663328111171722,0.9375760555267334,0,0,0.5766381621360779
cell_8414,1.072899580001831,0.9512747526168823,1.9685287475585938,3.7813034057617188,0,0.01535000279545784
cell_2048,0.2503683865070343,1.1379951238632202,0.19026410579681396,1.3378154039382935,0.1092628613114357,0.8624644875526428
cell_8913,0,0,1.143208622932434,0.29214662313461304,1.8761870861053467,0.6560630798339844
cell_2753,3.2486371994018555,1.2975435256958008,4.385010719299316,0,0.5322847366333008,0.6257047653198242
cell_9611,4.229076385498047,1.3028267621994019,4.866855621337891,0.4120157063007355,0.9827242493629456,0
cell_1425,3.9533586502075195,0.62108612060546875,4.805497646331787,0.8502880930900574,0.20060421526432037,0
cell_2614,4.433310508728027,0.047323569655418396,4.406093120574951,1.8613499402999878,0,0
cell_3706,0,0,2.2820489406585693,3.314147472381592,0,0.4944818615913391
cell_3118,0.3354376554489136,1.0494107007980347,0.6589613556861877,0,0.26450634002685547,2.7670092582702637
cell_7861,2.810157537460327,0.4743293225765228,3.4121956825256348,0,0,0
cell_6029,3.0014002323150635,0,4.419534683227539,0,0.2773396968841553,0.07992203533649445
cell_1498,3.875627040863037,0.2470509260892868,4.487579345703125,1.6791887283325195,0.3801921010017395,0.8728238940238953
cell_5295,0,0.6733883619308472,1.2340351343154907,3.204061508178711,0,0.5370471477508545
cell_113,4.000210762023926,0,4.613025665283203,1.1622427701950073,0.39079171419143677,0.30684953927993774
cell_1470,3.941732883453369,0,4.527181148529053,0.4514429271221161,0.044075291603803635,0.5220302939414978
cell_7379,4.379064083099365,0,0.5961148142814636,0.4518757164478302,0.14105059206485748,0.08506901562213898
cell_7835,0.5733368396759033,0.2083302140235901,1.4095466136932373,4.025018215179443,0,0
cell_3487,3.9986350536346436,3.386375665664673,0,0.18346813321113586,0.5792279839515686,0
cell_7728,3.4011776447296143,0.06340277940034866,4.418738842010498,0.4953315258026123,0.22743484377861023,0
cell_5557,0.5545299649238586,0.7565690279006958,0,0,0,2.1883621215820312
cell_1330,4.242972373962402,3.6303610801696777,0.1465679109096527,0,0,0.5285680890083313
cell_5793,0.4248884916305542,0.24625158309936523,0.8526554107666016,0,0,3.409496307373047
cell_6306,4.175420761108398,0.47311845421791077,4.318688869476318,0.6000322699546814,0.34295400977134705,1.1726388931274414
cell_8408,3.7301597595214844,3.9102964401245117,1.8179445266723633,0,0.6153621077537537,0.8382278084754944
cell_8948,4.420629978179932,0,3.895019769668579,0.9451683759689331,0.5303650498390198,0.761594295501709
cell_7020,3.8243911266326904,0,4.904938220977783,0.6267725825309753,0,0.5947881937026978
cell_1712,4.254656791687012,2.9673819541931152,0,0.6308389902114868,0,1.251857042312622
cell_564,3.9966471195220947,4.061164855957031,0.3252943456172943,0.5920711755752563,0,0.4066108763217926
cell_8542,4.311547756195068,0.02458428405225277,5.093623638153076,0.1784074753522873,0.33091869950294495,0
cell_7176,3.0401828289031982,0.10298620164394379,2.9526965618133545,0,0,0
cell_7248,3.7534680366516113,0,4.966790199279785,0.926259458065033,0.1315855234861374,0.2481851577758789
cell_7793,2.8215293884277344,0.5529480576515198,2.491610288619995,1.682788610458374,0,0.1653052419424057
cell_319,3.4765052795410156,0,4.442718029022217,0,0.11960815638303757,0.7864296436309814
cell_1581,3.261521816253662,3.3198652267456055,0,0.7336843609809875,0.4258747100830078,0.10918612033128738
cell_3598,0,0.2527431845664978,2.9039487838745117,0,1.7112308740615845,0.5311453938484192
cell_1924,0.4660118520259857,0.21542446315288544,2.281482458114624,3.9223008155822754,0,0.4139959514141083
cell_5492,3.6596875190734863,3.850832939147949,0,0,0.192268505692482,0.7831953167915344
cell_5114,1.2925907373428345,0.800102949142456,2.1445531845092773,0.30603283643722534,3.3532445430755615,0
cell_8194,2.629962682723999,2.500323534011841,1.961401104927063,3.610978603363037,0.8731257319450378,1.2256792783737183
cell_3068,4.610809326171875,3.779325008392334,0.49503159523010254,0.17515404522418976,0.5935503244400024,0.003065434517338872
cell_9003,3.7433788776397705,3.3493118286132812,1.9044013023376465,1.0771504640579224,0.4109700620174408,0
cell_7166,3.2244632244110107,0.027965256944298744,4.6147613525390625,0,0,0.17314137518405914
cell_5995,2.00850510597229,0.6834084391593933,0.292161762714386,1.3084933757781982,0,3.3526296615600586
cell_920,0.1329040825366974,0,1.2133867740631104,4.003129482269287,0.0769910216331482,0.02623477578163147
cell_622,0,0.6557912230491638,2.365389585494995,3.8953566551208496,0,0.9012945294380188
cell_6700,0.5011192560195923,0,0,3.205319404602051,0.49773043394088745,0
cell_6923,3.3421339988708496,0.11533703655004501,3.5738165378570557,2.4455559253692627,0,0.735719621181488
cell_5017,3.9185471534729004,0,5.063435077667236,1.8327466249465942,0.3839680850505829,0
cell_797,3.772073268890381,0.06264470517635345,3.154179811477661,0.9501365423202515,0,0
cell_7599,3.9060590267181396,0.0706544890999794,5.011425495147705,1.6524125337600708,0.2605082392692566,0
cell_3461,0,0.6806862950325012,1.4462593793869019,0.6500942707061768,0.029571011662483215,3.1064939498901367
cell_2789,0.5684324502944946,0.5219435095787048,0.7235919833183289,4.00038480758667,0,0
cell_9969,5.197303295135498,4.287650108337402,0.12918181717395782,0.12755733728408813,0.7037780284881592,1.2272746562957764
cell_3916,3.851940631866455,0,4.208579063415527,1.1737595796585083,0,0.08657395094633102
cell_2476,0,0,0.0980018600821495,0,1.1028227806091309,0.11131029576063156
cell_4225,0.2935408651828766,0.24265968799591064,1.9173929691314697,4.1136250495910645,0.051091160625219345,0
cell_7060,0,0.44089609384536743,1.7065341472625732,4.122979640960693,0.42988142371177673,0.7052087783813477
cell_6462,4.090835094451904,0,5.127398490905762,0.2282506227493286,0.670037567615509,0
cell_1180,4.5142741203308105,3.4730336666107178,0.9017782211303711,1.6916754245758057,0,1.375252366065979
cell_9188,1.110487461090088,0,1.4347323179244995,3.4519505500793457,0.5966144800186157,0
cell_7485,4.312963008880615,3.5886218547821045,0.4654044508934021,0.3459632694721222,0.11787031590938568,0.534214437007904
cell_6674,3.962772846221924,0,4.632951259613037,1.3256624937057495,0,1.3172156810760498
cell_8772,3.5473031997680664,3.2239022254943848,1.465735673904419,0,0,0
cell_5490,3.7406463623046875,0,4.947690486907959,0,0,0.9268009066581726
cell_8816,3.7910869121551514,3.412581205368042,1.8669509887695312,1.137589931488037,0.21342115104198456,0
cell_5025,4.418747901916504,3.461782217025757,1.0851256847381592,0,0.18195362389087677,0.6775626540184021
cell_5486,1.4262028932571411,0,1.1400226354599,0,0.07532711327075958,3.6874561309814453
cell_5598,4.012413024902344,0.7519439458847046,5.827625274658203,0.8794949054718018,0.03445291891694069,0
cell_3999,0,0.011688439175486565,1.5852563381195068,4.103358268737793,0,0.7131240367889404
cell_2203,4.817670822143555,3.980745315551758,0,0,1.2722580432891846,0.8401902318000793
cell_463,4.768972396850586,0.43976566195487976,0.405625581741333,0.6974638104438782,1.2317724227905273,0
cell_1333,4.245939254760742,0.605186402797699,3.7049615383148193,0,0,0.2966192960739136
cell_9300,3.4819424152374268,0,0.20462998747825623,0,0.6947348117828369,0.08263178914785385
cell_1104,0.532071053981781,0.45085978507995605,1.5633355379104614,1.6006150245666504,0.4994960129261017,2.5306570529937744
cell_4345,3.4162752628326416,0,3.2439048290252686,1.003995656967163,0.4048440456390381,0.21819329261779785
cell_8697,4.486965656280518,0,5.123558521270752,0.567435085773468,0.802609384059906,0.7560399770736694
cell_1705,4.024019718170166,0,1.1086320877075195,1.7972100973129272,0.5454210638999939,0.05982763320207596
cell_785,4.1601715087890625,3.7663161754608154,1.1831773519515991,0.9605993628501892,0.21124912798404694,0.7822880148887634
cell_914,3.8770592212677,0.9276886582374573,2.5789966583251953,0,0,0.8627714514732361
cell_2259,4.287315845489502,3.1896402835845947,2.451856851577759,0,0,0.048975225538015366
cell_1889,4.641901969909668,0,4.01802396774292,1.5783745050430298,0.3257701098918915,1.2303701639175415
cell_2599,0.09846145659685135,0,2.793123960494995,3.8265421390533447,0,0
cell_5241,4.437668800354004,3.4079902172088623,1.0208771228790283,0,0.4704611003398895,0.7927711606025696
cell_2830,3.744626998901367,0.6605800986289978,5.244652271270752,1.3109846115112305,0,0.6259090900421143
cell_8283,4.067201614379883,1.1595462560653687,4.220841884613037,0,0.2594430148601532,0.34624287486076355
cell_8498,2.0490024089813232,1.0411211252212524,0.8619181513786316,0.9920023083686829,2.451883316040039,0
cell_6054,3.346222400665283,0,4.840386390686035,0.37712523341178894,0,0.3778616786003113
cell_3494,4.143883228302002,0.17344488203525543,3.9979751110076904,1.3353326320648193,0.6283053755760193,0
cell_1857,3.652068853378296,0,4.9945573806762695,0,0.009757976047694683,0.38101890683174133
cell_9743,4.642652988433838,3.9261832237243652,0.15387387573719025,0.7355360984802246,0.5523779988288879,0.1649029552936554
cell_8225,2.1836295127868652,0.037879735231399536,0,0,1.4199620485305786,0
cell_3431,3.667433261871338,0.4244020879268646,3.2474567890167236,1.2941092252731323,0.5224266052246094,0.08107561618089676
cell_3502,3.444030284881592,0.15743915736675262,3.9284846782684326,1.2221633195877075,0,0
cell_3965,4.33542013168335,3.405311107635498,1.0260189771652222,0.5083193182945251,0.5226085782051086,0.4399152994155884
cell_9713,3.437619209289551,0,3.4771554470062256,0,0,0.28304603695869446
cell_6392,4.409087181091309,3.717698097229004,0,0,0,1.3437221050262451
cell_6655,0.21460606157779694,0,1.5199233293533325,0,1.8141103982925415,0
cell_7431,4.332507610321045,0.9251596927642822,4.992880821228027,1.5659170150756836,0.023009970784187317,1.1334489583969116
cell_7511,4.08970308303833,3.8541975021362305,0,0.03851157799363136,0.10897324979305267,0.6866881251335144
cell_511,1.1968657970428467,1.1803711652755737,0,0.12563380599021912,3.0790367126464844,0
cell_7194,4.164202690124512,0,4.847864627838135,0.5030646920204163,0.5055205225944519,0.5288470983505249
cell_2271,4.517177581787109,3.727921962738037,0.13170738518238068,0.622147798538208,0.3234647810459137,1.602566123008728
cell_9827,3.677478790283203,0,1.1817363500595093,1.4913238286972046,1.7751978635787964,0
cell_9029,1.766386866569519,0.6217959523200989,1.6070873737335205,1.4268906116485596,0.7276458740234375,3.473562717437744
cell_1925,4.7385454177856445,3.4923958778381348,1.5654388666152954,1.5286389589309692,0.8681625127792358,1.5597096681594849
cell_3987,1.2412922382354736,0.08058755844831467,1.4184563159942627,3.09169340133667,0.12825536727905273,0.1767762452363968
cell_2300,1.4286456108093262,1.2223440408706665,0.39141273498535156,3.561349630355835,0,0.09635905921459198
cell_8601,3.969722032546997,0.6992020010948181,3.1972620487213135,0.2510881721973419,0.24757926166057587,0
cell_6596,4.05107307434082,0,4.521264553070068,0,0,0
cell_8819,3.9070005416870117,0,4.817175388336182,0.8663741946220398,0.5162708759307861,1.1103399991989136
cell_1665,3.206822156906128,0.40840768814086914,4.6591901779174805,1.6356699466705322,0,0.4509502947330475
cell_9111,4.50770378112793,3.819467067718506,1.1588318347930908,0,0.22755414247512817,0.02350340597331524
cell_506,0.9885164499282837,0.3180822432041168,0.7092817425727844,1.4312494993209839,0.9631259441375732,3.129972457885742
cell_15,3.314039707183838,0,1.4002535343170166,0.684778094291687,0,0
cell_8184,2.9702534675598145,3.780832052230835,1.5129177570343018,0.1712140142917633,0.8285470008850098,1.6562269926071167
cell_7572,4.335836410522461,3.5267298221588135,0,0,0.6205552816390991,1.037909746170044
cell_5418,4.053264617919922,3.742138385772705,0.4596931040287018,1.4832186698913574,0.5950667858123779,0.9943637251853943
cell_4332,4.676402568817139,3.765087604522705,0.5057269930839539,0,0.277632474899292,0
cell_1763,3.697960615158081,0,5.191944599151611,0,0.11757098138332367,0
cell_9797,0.945806086063385,0,3.1546614170074463,1.18691086769104,2.3149843215942383,0
cell_320,0.5288699269294739,0.3297531306743622,2.455634355545044,3.597236156463623,0.2699960768222809,0.519849419593811
cell_8757,3.815195083618164,0,3.416937828063965,1.5555387735366821,0.3386567533016205,0.391386479139328
cell_4273,4.718076229095459,3.7565901279449463,0,1.4673446416854858,0.694488525390625,1.454611897468567
cell_9737,3.711306095123291,0.14173254370689392,4.990414619445801,0.38129499554634094,0,0
cell_9697,4.92780876159668,3.9416751861572266,1.029566764831543,0,0.37628450989723206,0
cell_6656,0,0,1.0395008325576782,3.4379637241363525,0.36648982763290405,0.9017467498779297
cell_5970,2.6815974712371826,0,4.073443412780762,0,0,0.7661507725715637
cell_7621,3.1382811069488525,0.785602867603302,3.520805597305298,0.4563044011592865,0,0.07904808223247528
cell_3818,4.6111321449279785,3.2732434272766113,1.0746660232543945,0.42688602209091187,0,0.03644570708274841
cell_7746,3.4854736328125,0,3.600116729736328,0,0,0.9282364249229431
cell_8933,0.8780380487442017,1.42169988155365,0,1.103690266609192,1.8106281757354736,0
cell_7033,3.6993486881256104,3.6507980823516846,0.41588202118873596,1.098722219467163,0.006080907303839922,0.09437411278486252
cell_7844,0.4667207598686218,0.3690514862537384,2.4432601928710938,0.6152598857879639,2.2192769050598145,0.24995049834251404
cell_5811,0.1533796191215515,0,2.203077554702759,3.4070637226104736,0.3712063729763031,0.7135807871818542
cell_21,4.223410129547119,0,5.094117641448975,1.7103859186172485,0.7197780013084412,0
cell_7737,0.34576430916786194,0.1764763593673706,2.6401572227478027,4.178948879241943,0,1.2547401189804077
cell_7219,0,0.23083357512950897,3.784935235977173,0.5413369536399841,2.8194217681884766,0.3108218312263489
cell_4925,4.4434404373168945,3.456162214279175,0.20138336718082428,0.6928853392601013,0,0.9434844255447388
cell_3855,3.537443161010742,0.21231937408447266,4.809394359588623,0.8709664344787598,0,0
cell_8522,0.19784444570541382,0.5377324819564819,0.5561400055885315,2.294644594192505,0,0.18035931885242462
cell_7863,1.0207103490829468,0.16463050246238708,0.546367883682251,1.5106475353240967,0.2921900451183319,1.174108862876892
cell_7422,4.533217430114746,3.312323570251465,1.0124995708465576,0.04060685634613037,0.2866458594799042,0.26577526330947876
cell_8752,4.02847146987915,4.075255870819092,1.0487054586410522,0.06402388960123062,0.18706277012825012,1.385872483253479
cell_8812,1.9429186582565308,0.21184048056602478,0,0,0,2.3278441429138184
cell_1756,0.46622520685195923,0.006871568504720926,0.2004338949918747,0.927282989025116,1.1396584510803223,3.848052501678467
cell_4105,1.351951241493225,0.569515585899353,1.7387001514434814,3.6194071769714355,0,0
cell_7236,4.310622215270996,0,3.776674509048462,0.7562230825424194,0,0
cell_5626,4.583522319793701,3.573103904724121,0,0.6690025925636292,0.4719451665878296,0.9401500821113586
cell_7465,1.6995625495910645,0,1.4083175659179688,3.774362087249756,0.37216153740882874,0
cell_7197,3.872134208679199,0,4.203293800354004,0.8214799761772156,0.6739340424537659,0.031425733119249344
cell_1985,3.6419808864593506,3.703108310699463,0.35817110538482666,0.7697287797927856,0.033350955694913864,0.404234915971756
cell_5838,3.375880479812622,0,4.101561069488525,0.4508102238178253,0,0
cell_9275,4.551392555236816,3.9134576320648193,1.0630453824996948,0.4388839304447174,0.42131954431533813,1.1197608709335327
cell_1039,1.0847457647323608,1.0352290868759155,0.9322835803031921,2.3647844791412354,0.28828510642051697,1.3975499868392944
cell_34,4.698578834533691,0.20650418102741241,4.253509521484375,0,0.26898467540740967,0.8513123989105225
cell_9942,4.0411505699157715,0,4.081239700317383,9.750864119268954e-4,0,0
cell_501,3.3076910972595215,0,3.541415214538574,2.330592393875122,0,0.5341107845306396
cell_1595,3.922104597091675,3.351140022277832,0.3876628577709198,0,0,0.3399472236633301
cell_4082,3.210463047027588,0.7462885975837708,4.349639415740967,0.568488597869873,0.055599577724933624,0.5488536953926086
cell_6475,0.27552855014801025,0,0,3.9527742862701416,0,0.10677647590637207
cell_5743,0,0.8190275430679321,0.4762590527534485,3.032353401184082,0.15426795184612274,1.819602608680725
cell_4786,4.481366157531738,0.8872435688972473,4.008385181427002,0,0.47862333059310913,0.043446868658065796
cell_1701,4.036384582519531,0.4199913740158081,4.741211891174316,1.9948208332061768,0,0.33700141310691833
cell_9881,3.5839545726776123,0,4.144796371459961,0,0.02633359283208847,0
cell_3130,3.3265674114227295,0.4392906129360199,3.129047155380249,0,0,0
cell_1511,3.747431993484497,3.253617286682129,1.20124351978302,0,0,0
cell_9651,4.547759532928467,0.06335527449846268,4.744040012359619,0.5497212409973145,0.836944043636322,0
cell_8920,3.906980037689209,0,2.9776153564453125,0,0.42353177070617676,0
cell_9991,0.8630394339561462,0,0.7581556439399719,4.556736469268799,0.519286036491394,0
cell_2107,4.501216411590576,3.408864736557007,0,0.14969220757484436,0.4409058094024658,0
cell_468,0,0.32331252098083496,0,3.557105541229248,0,0
cell_5590,0,0.15297600626945496,1.8132251501083374,4.129624843597412,0,0
cell_7055,0.4471721649169922,0.9040430188179016,0.9971879124641418,0.39882004261016846,0.014510137028992176,1.001250982284546
cell_7212,3.8807382583618164,0,2.9510812759399414,0.1033044382929802,0,0.6566184163093567
cell_3740,5.070639610290527,3.850430727005005,0,0,0,0.8777680397033691
cell_880,3.9932169914245605,0.7948421835899353,5.025021076202393,1.6671870946884155,0.29146212339401245,0
cell_2394,1.047577142715454,0.24298706650733948,0,1.134325623512268,2.610325813293457,0.46414676308631897
cell_2088,3.9457764625549316,3.6013200283050537,0.23343944549560547,0.5540874600410461,0.03456966578960419,0
cell_6831,0.37007853388786316,1.665468454360962,0.033222880214452744,0.3530607223510742,0.7703953385353088,1.1035869121551514
cell_8735,3.4928667545318604,0,4.412201881408691,0.10816696286201477,0,0
cell_9116,0.3884442150592804,0,2.1971938610076904,0.04771324247121811,0.9733127951622009,0
cell_5169,3.871835947036743,0,3.8299155235290527,1.1661006212234497,0.4177302122116089,1.2729393243789673
cell_6147,0,0,1.7805454730987549,3.580205202102661,0.5673854947090149,0
cell_2694,3.6853091716766357,0.2506077289581299,4.577110767364502,1.071521520614624,0.43336036801338196,0.35172998905181885
cell_3640,3.3165509700775146,0.19350004196166992,4.365179538726807,0.669802188873291,0.6119908094406128,0
cell_6109,4.382835388183594,3.5154917240142822,1.1571015119552612,0.8216332793235779,0.6926513314247131,1.0817404985427856
cell_8925,3.0284082889556885,0.16350390017032623,1.0114526748657227,0.07843516767024994,0.3273598551750183,0
cell_9830,1.3360562324523926,0.8132057189941406,2.1123948097229004,3.842364549636841,0.2318957895040512,1.433978796005249
cell_436,0.5175713300704956,0,2.5327601432800293,4.103739261627197,0,0.12621833384037018
cell_1565,3.2846362590789795,0,5.187013626098633,0.5064333081245422,0,1.644309401512146
cell_7892,0,0.39271020889282227,3.6647393703460693,0,2.4030067920684814,1.615831732749939
cell_824,3.88625168800354,2.76320219039917,0.7179913520812988,0.7347649335861206,0.05810954049229622,1.4754681587219238
cell_9171,0,0,0.3454148769378662,3.47316575050354,0.1877611130475998,0.5388319492340088
cell_3980,2.3629584312438965,0.1395169049501419,3.063786745071411,0.26821282505989075,0,0
cell_4344,3.8427035808563232,0.611232340335846,5.306933879852295,1.1676486730575562,0.3968464434146881,0.5078670382499695
cell_2516,3.348867177963257,0,4.659486293792725,0,0,0.6271336078643799
cell_1823,0.2977067232131958,0.09914752095937729,0,4.30200719833374,0.03441772237420082,0
cell_4565,4.284162998199463,4.15407133102417,1.093228816986084,1.327902913093567,0,1.326042890548706
cell_2119,4.460720539093018,3.417583703994751,1.1701314449310303,0,0,0
cell_9215,4.074169635772705,3.8863542079925537,1.247011423110962,0.2984854280948639,0,0.5544685125350952
cell_5947,3.3966245651245117,0.11692801862955093,5.052100658416748,0.07446848601102829,0.14683213829994202,1.0430241823196411
cell_9529,3.2061562538146973,0.15136532485485077,4.433150291442871,0,0,0
cell_5796,1.5470142364501953,0.4381183087825775,1.6560685634613037,1.246138334274292,2.7849881649017334,0
cell_9487,0.49312731623649597,0.7013949751853943,0.9911103844642639,3.0936970710754395,0,0.046995602548122406
cell_8321,3.3816723823547363,3.5638346672058105,1.4916127920150757,0,0.110098697245121,0
cell_1052,4.337991714477539,3.8492462635040283,0.0194818414747715,0,0.26374369859695435,0.8268494009971619
cell_3099,4.195402145385742,3.2264955043792725,1.1871792078018188,0,0.3783622980117798,0.8209462761878967
cell_1965,4.741466522216797,3.5224409103393555,1.2830501794815063,0.6597802639007568,0.5510649681091309,0.36193978786468506
cell_3172,3.4322500228881836,3.5281546115875244,0.8796603083610535,0,0.34071624279022217,0
cell_149,3.7752676010131836,4.254853248596191,0.8703022599220276,0.2839626371860504,0.08317996561527252,1.2826383113861084
cell_3873,4.2787604331970215,0.7711678743362427,4.697089195251465,1.5577043294906616,0.4217608869075775,0.6632764339447021
cell_7791,0,0.024881362915039062,0.2718413472175598,3.017914295196533,0,0.4012027084827423
cell_2512,3.5592148303985596,0,4.396286487579346,0.197409525513649,0.236414834856987,0
cell_224,0.384280264377594,0.28573077917099,2.440051317214966,3.304321527481079,0,1.1631429195404053
cell_4011,4.590075492858887,3.3149352073669434,2.9100894927978516,0,2.1051762104034424,0
cell_1645,3.7467093467712402,0,4.810447692871094,0.277924120426178,0.2710288166999817,0
cell_7700,4.661280632019043,4.015041828155518,0.17106519639492035,0,0.45719030499458313,1.2248964309692383
cell_5878,2.75142502784729,0.5239467024803162,4.451065540313721,0,0.205744206905365,0
cell_5706,1.177307367324829,0.06958597153425217,0,0.6133928894996643,0,2.759213447570801
cell_9434,4.025476455688477,0.49799999594688416,4.512092113494873,0.9961382150650024,0.06209360435605049,0
cell_2550,3.5788655281066895,0.06395430117845535,3.9978737831115723,0,0,0
cell_8550,0.8766784071922302,0.21254020929336548,2.4301400184631348,4.246930122375488,0,0.48183396458625793
cell_49,0.6501574516296387,0.9799833297729492,0,3.9216442108154297,0.1800917536020279,0
cell_9667,0.37034425139427185,0.11191824823617935,0.7750460505485535,3.2140626907348633,0,0.3273254334926605
cell_1317,3.649855613708496,0.6193318367004395,4.61552619934082,1.6522252559661865,0.4582315981388092,1.311946988105774
cell_648,3.965575933456421,0,4.556375980377197,0,0,0
cell_6450,0.4993392825126648,0.6278247833251953,0.8575424551963806,4.646640300750732,0,0
cell_6324,3.641601800918579,0.29703429341316223,3.9647722244262695,0,0,0.331317275762558
cell_8237,0.21379010379314423,0.01405282225459814,2.4566526412963867,3.618274688720703,0,0
cell_2687,1.1777311563491821,0,2.2683660984039307,0,1.870618224143982,0
cell_6989,4.188178062438965,0.08152740448713303,3.5422608852386475,0.7183735966682434,0.08025101572275162,1.1352291107177734
cell_8482,0,0,0.12623094022274017,4.151916980743408,0,0.20486214756965637
cell_9240,0.42494869232177734,0.10405220091342926,3.308842658996582,0,1.4552299976348877,0.6546939015388489
cell_4144,4.240697383880615,3.635068893432617,1.1716514825820923,0.899357259273529,0.6450847387313843,1.2296768426895142
cell_752,3.1205735206604004,0,4.41318416595459,1.1144475936889648,0.481228768825531,0
cell_167,0.9853464365005493,0,1.1310938596725464,2.0462393760681152,0,0
cell_2699,0,0.5044906139373779,0.992185115814209,0,1.5899624824523926,0.8828373551368713
cell_8484,3.8965930938720703,2.9707486629486084,0.8276224136352539,0.06302300095558167,0.1906736046075821,0.9613031148910522
cell_8176,3.775937557220459,0.9886751174926758,4.785846710205078,0.41317883133888245,0.34061866998672485,0.23148900270462036
cell_1630,3.7393112182617188,0.888503909111023,4.675869464874268,1.1221330165863037,0.03445332869887352,0
cell_8297,4.873865604400635,3.865832805633545,0,0.0707130879163742,0.8411970138549805,0.7810256481170654
cell_6781,3.193948984146118,0,4.519659519195557,0.6784864664077759,0.13224679231643677,0
cell_3924,3.296886920928955,0.8001424074172974,4.732502460479736,1.8701398372650146,0,0
cell_1793,3.467325448989868,0.15155936777591705,4.256025791168213,0.7178072929382324,0,0.47974589467048645
cell_9332,0.5350382924079895,0,2.5824086666107178,3.589524984359741,0,1.1116355657577515
cell_3265,0,0,2.5059967041015625,3.5937814712524414,0,0
cell_4120,4.269678592681885,3.582409620285034,0,0.3099052608013153,0,1.1924270391464233
cell_1404,0,0,0,3.5693745613098145,0,0
cell_6707,3.867185354232788,0.7583951354026794,4.3524065017700195,0.24148321151733398,0,0.31859278678894043
cell_454,0.6325119733810425,0.763646125793457,1.0300984382629395,1.908111810684204,0,1.054535984992981
cell_3072,3.136347770690918,0.4082275927066803,2.1773605346679688,0,0.6224755644798279,1.269000768661499
cell_7631,0.34041547775268555,0.2511034905910492,3.2795257568359375,0,2.776055097579956,0
cell_396,0.800568163394928,0.2254296988248825,2.2819743156433105,3.552844524383545,0.16577960550785065,0
cell_7556,0,0.11072510480880737,0,4.252699375152588,0.324357807636261,0
cell_7091,3.281014919281006,0,4.708081245422363,1.8113168478012085,1.3821306228637695,0
cell_6875,4.939169883728027,3.29830265045166,0,0,0.12507162988185883,1.9951704740524292
cell_7190,0.03886771202087402,0,2.6637628078460693,4.071483135223389,0.16279487311840057,0.023886434733867645
cell_9316,0,0.28934207558631897,2.358628988265991,3.9757297039031982,0.03726214915513992,1.0487478971481323
cell_3505,3.081824541091919,0,4.585039138793945,0.9415243268013,0,0
cell_2862,4.371912002563477,3.95743727684021,0,0,0.6695610880851746,0
cell_6980,3.3343842029571533,3.4322562217712402,0,0,0.3182423710823059,0.4010893404483795
cell_5229,1.0280314683914185,0.15809641778469086,1.8035178184509277,3.8115382194519043,0.6552871465682983,0
cell_7744,0.11991388350725174,0.9232928156852722,3.4166221618652344,4.72465181350708,0,1.2545032501220703
cell_7786,4.819019317626953,3.4383842945098877,1.3200551271438599,0.7721465826034546,0,1.3291090726852417
cell_2967,4.637237071990967,3.288008451461792,0,0.23607710003852844,0,1.405982255935669
cell_5134,4.140736103057861,3.498840093612671,0,0,0.4359372556209564,1.7055197954177856
cell_4859,3.8550655841827393,3.6763808727264404,0,0,0,0
cell_1549,4.290529727935791,0.6748775243759155,4.930395126342773,0,0.3443416357040405,0.6834427118301392
cell_6575,4.088057041168213,3.6522507667541504,0,0,0.240025132894516,0
cell_6344,3.3156723976135254,0,3.4968652725219727,0,0,0
cell_7514,2.0058202743530273,1.3407976627349854,0,0.8035906553268433,1.022316813468933,3.823533296585083
cell_2650,0.6869229078292847,0,0.6151750683784485,3.4593567848205566,0.3187841773033142,0
cell_549,3.5161821842193604,2.881889581680298,0,0,0.2089323103427887,0
cell_1632,3.5839643478393555,3.5363399982452393,0.32809916138648987,0,0.43338221311569214,0.9958943724632263
cell_5850,0,0.5979837775230408,2.0783591270446777,4.366522789001465,0,0.6576178073883057
cell_9092,3.4830095767974854,0,4.6681718826293945,1.02033269405365,0.32594558596611023,0.04815557226538658
cell_4406,0.349153608083725,0.10603335499763489,0.8634351491928101,0,3.1909091472625732,0
cell_9998,3.9071013927459717,0.2996436655521393,3.954989194869995,0.6213434338569641,1.3289676904678345,0
cell_7413,4.422517776489258,0,4.425843238830566,0.3353562355041504,0.347871869802475,0
cell_1450,0.19263535737991333,0.11794502288103104,0,0.7328901886940002,0,0
cell_4426,4.352633953094482,3.744109630584717,0.9032368659973145,0,0.29867905378341675,0
cell_3475,1.3730831146240234,0.2879483699798584,1.2601877450942993,3.198371648788452,0.4706246256828308,0.72342449426651
cell_1870,0,0,2.124724864959717,3.816776990890503,0,0
cell_5765,3.5596656799316406,0.3793832063674927,4.426602363586426,0,0.2523779571056366,0
cell_4578,0.07327083498239517,0.5678216218948364,0.8381644487380981,4.3135294914245605,0.059534721076488495,0
cell_2208,4.1068115234375,1.1613579988479614,3.5816545486450195,0,0.08867910504341125,1.5989526510238647
cell_3112,4.807311534881592,3.348553419113159,0,0.15480168163776398,0,0
cell_2974,3.7533934116363525,0.10047579556703568,4.65371561050415,0.4835217595100403,0,0
cell_3280,3.9429447650909424,3.6486661434173584,1.416581392288208,0.3993631899356842,0.4283727705478668,0
cell_9837,3.9614601135253906,3.492743730545044,1.2546775341033936,0.272125780582428,0.21906273066997528,0.27043062448501587
cell_6048,4.498501300811768,4.175057888031006,0.9034296274185181,0,1.039595603942871,1.12005615234375
cell_2248,2.7137045860290527,1.0582493543624878,2.0241105556488037,1.2074146270751953,0.16313809156417847,0.15514835715293884
cell_7085,4.03905725479126,3.744323492050171,0,0,0,0
cell_7367,3.8976521492004395,0,4.705847263336182,0.42776378989219666,0.1909363567829132,0.10255409777164459
cell_4996,3.8583903312683105,4.201390266418457,0.33234211802482605,1.0679850578308105,0.45072275400161743,1.0167287588119507
cell_4709,0,0.35962194204330444,3.3506667613983154,0.990048885345459,1.7733500003814697,0.32988613843917847
cell_5314,3.7217743396759033,0,4.375870704650879,1.4900680780410767,0.3964002728462219,0
cell_4397,3.4386777877807617,0.010817784816026688,4.8318190574646,0.7842616438865662,0.06807509064674377,0.14846889674663544
cell_7150,0.25327831506729126,0.5855099558830261,1.5199793577194214,0,0,0.8165650963783264
cell_4988,3.90826678276062,0.5532299876213074,3.7908997535705566,0.1687672883272171,0.5118598937988281,1.1157313585281372
cell_8896,3.7279210090637207,0,4.537562847137451,0,0.15918909013271332,0
cell_2221,3.338231086730957,0.8855576515197754,3.8635599613189697,0.707852303981781,0.3007448613643646,1.0682766437530518
cell_3229,3.4270033836364746,0.8848097324371338,1.7518460750579834,0.11593882739543915,0,0.2021670788526535
cell_3877,4.238203525543213,0,3.0204498767852783,0.14747899770736694,0.4601936638355255,0
cell_978,3.711080312728882,3.9700372219085693,1.1704481840133667,0.23920783400535583,0,0.34103691577911377
cell_1347,3.935746192932129,0.2907926142215729,5.039681911468506,0.669464111328125,1.3592121601104736,0.8366546034812927
cell_8491,1.1066358089447021,0,3.00270938873291,0,2.4865810871124268,0
cell_2904,3.6802048683166504,0,3.5223114490509033,0.7670106887817383,0.7083094716072083,0.7799252271652222
cell_3429,0.013713207095861435,0.11921907216310501,2.0505826473236084,4.240821838378906,0,0
cell_8007,3.6495449542999268,0.27668705582618713,3.440950393676758,0,0.18103978037834167,0
cell_1488,0.2713674306869507,0,1.3690974712371826,4.305684566497803,0,0
cell_750,3.880558967590332,0,5.100872993469238,2.0230660438537598,0.14549565315246582,0
cell_4885,3.292938470840454,1.066339373588562,3.2720766067504883,1.4805561304092407,0.5861033797264099,0.028798354789614677
cell_970,3.4523684978485107,0.1260591447353363,4.935924530029297,0.3351525068283081,0,0
cell_9343,4.0875091552734375,0.36302876472473145,3.2856850624084473,1.2505009174346924,0.964492917060852,0
cell_8032,4.480583190917969,3.55322265625,1.5461933612823486,1.208317756652832,0,2.0205440521240234
cell_9362,0.3271404504776001,0.639433741569519,3.621619462966919,0.5150220394134521,3.3420186042785645,0
cell_5156,3.6278486251831055,0.9277904629707336,4.534811496734619,0.26269420981407166,0.32136353850364685,0.1764904409646988
cell_9465,0,0.07134971767663956,2.80883526802063,3.9206480979919434,0.14433814585208893,0.4258519113063812
cell_7170,0.7569671869277954,0.5601942539215088,1.5629510879516602,2.9284021854400635,0.30250561237335205,0.6954637765884399
cell_9642,4.438802242279053,3.3623557090759277,0.5382623672485352,0.40118423104286194,0.17131544649600983,0
cell_7956,3.654353141784668,2.914245367050171,1.0698922872543335,0.531407356262207,0,0.7080253958702087
cell_3226,1.0511630773544312,0,1.8423681259155273,1.4201421737670898,1.7369908094406128,0
cell_4602,2.884690999984741,3.7410197257995605,0,0.17061078548431396,0,0.8628715872764587
cell_9057,2.48004150390625,3.0310351848602295,1.3737311363220215,0,0,0.1413150429725647
cell_1573,4.093324184417725,3.053514242172241,0,3.427748918533325,0,0
cell_1808,0.5520551800727844,0,2.0680131912231445,3.2100491523742676,0,0.055426668375730515
cell_3044,3.0724661350250244,0,3.976886749267578,0,0.1320216804742813,0
cell_6175,1.2486506700515747,0,3.3133280277252197,4.029757976531982,0,0.3932579755783081
cell_9903,0,0,0.3690793812274933,2.5224573612213135,0,0
cell_6645,0,0.37679773569107056,3.1951045989990234,0.559148371219635,2.448507070541382,0.42883360385894775
cell_5063,3.565037488937378,0,3.8432884216308594,0.005265924613922834,0.35023653507232666,1.3699991703033447
cell_4348,3.5609290599823,0.6128003001213074,4.105327129364014,1.49692702293396,0,0.3872937560081482
cell_8251,4.9674601554870605,3.9708633422851562,1.2693616151809692,0.5929495096206665,0.7778555750846863,0
cell_9248,0.1622312217950821,0,1.3650981187820435,3.300173759460449,0,0
cell_4474,3.8110415935516357,0.00716958474367857,3.0114052295684814,0.2164587378501892,0,0
cell_3695,0.1618328094482422,0,1.3567701578140259,0.12203002721071243,0.9649933576583862,1.2379337549209595
cell_2834,4.563023090362549,2.5233545303344727,4.251697063446045,1.1889234781265259,0.6498275399208069,0
cell_6778,5.0145769119262695,3.4679057598114014,0,0.40190112590789795,0.37167787551879883,0.3184383511543274
cell_4458,1.5003085136413574,0.23169836401939392,0,4.381088733673096,0.02697906084358692,0
cell_8766,3.8952763080596924,4.110795974731445,0,0.3514043986797333,0.08622445911169052,0.29485395550727844
cell_9789,1.1930416822433472,0,0,1.3259942531585693,0.16772758960723877,1.891937494277954
cell_3003,3.982607364654541,4.0748209953308105,0.7875488996505737,1.8426134586334229,0.22766196727752686,0
cell_6217,4.5662336349487305,3.4961984157562256,0,0.667477548122406,0.44374170899391174,0
cell_8546,1.0396809577941895,0.2774125039577484,1.9130197763442993,3.111016273498535,0,0
cell_5426,1.5494903326034546,1.1010403633117676,2.2669196128845215,4.040412902832031,0,1.574386715888977
cell_9340,3.7925543785095215,0,3.1461312770843506,0.2183675467967987,0,0.6700384616851807
cell_7695,4.021337032318115,0.48162612318992615,3.237312078475952,0,0,0.529103696346283
cell_2897,3.698211669921875,0.3967984914779663,2.884632110595703,0.5557299256324768,0.17912724614143372,0
cell_3179,4.323281288146973,3.3826804161071777,1.34099543094635,0,0.3466467559337616,0
cell_7772,3.5935606956481934,0.4187701642513275,4.697599411010742,0.5940986275672913,0,0.18650901317596436
cell_5206,3.7026753425598145,3.657496690750122,1.335129976272583,0.9439745545387268,0.7858294248580933,0
cell_5456,4.385512351989746,3.3694217205047607,0,0,0.29457616806030273,0.4719207286834717
cell_1548,3.06257700920105,0,2.0727553367614746,3.9270389080047607,0.27932208776474,0.9238796830177307
cell_2730,3.9219441413879395,0,4.845393657684326,0.8124058246612549,0.12157119065523148,0.32134586572647095
cell_4692,0,0,3.104344367980957,0,2.650718927383423,0
cell_925,0.45676189661026,0.19152876734733582,1.1019961833953857,3.078718662261963,0.2444031983613968,0.8405428528785706
cell_6011,1.0462926626205444,0.4161006808280945,2.241884231567383,3.5146799087524414,0,0
cell_8420,1.1416244506835938,0.7871488928794861,1.1307262182235718,1.9248886108398438,3.0939648151397705,0.1362624317407608
cell_7943,4.011252403259277,0,4.420284271240234,0.054644625633955,0.026224208995699883,0
cell_1917,4.163759708404541,0,5.338908672332764,0,0.0607474222779274,0
cell_3430,4.19312858581543,0.30013158917427063,4.989158630371094,1.0356204509735107,0.35592401027679443,0.1793721616268158
cell_1544,0.765686571598053,0.00208491925150156,0.43791940808296204,3.9085042476654053,0.234247624874115,0
cell_9001,3.8019156455993652,0,5.000317096710205,0,0.47460857033729553,0
cell_3051,0.04379311949014664,0.7588585615158081,1.8344053030014038,3.810870409011841,0,0.18514394760131836
cell_9649,3.72137713432312,0.14821776747703552,4.506484031677246,0,0.25709936022758484,0.6266561150550842
cell_9036,1.426872968673706,0.9584551453590393,0,0.5671362280845642,0.9304730296134949,3.525848388671875
cell_8626,5.2494964599609375,0.514340341091156,3.7013132572174072,1.5918704271316528,0.7796129584312439,0.12209154665470123
cell_2240,2.9226505756378174,0.03874659538269043,3.366948366165161,0,0,1.042689323425293
cell_1684,0,0.6499325037002563,0.6917967796325684,0.7996668219566345,0,0.6647518873214722
cell_2059,4.442368984222412,0.35673174262046814,2.0713210105895996,1.79465913772583,0.9125396609306335,0.34177905321121216
cell_2029,4.319535255432129,0.22462448477745056,5.030953407287598,0.19407474994659424,0,0.2808624804019928
cell_9007,3.761723756790161,3.4912288188934326,0,0.7281456589698792,0.06158500164747238,1.4368112087249756
cell_4421,5.1519293785095215,3.9245851039886475,0.9550482630729675,0,0.8392195701599121,0.14140522480010986
cell_6830,3.872659683227539,0.582731306552887,4.542543888092041,1.8947687149047852,0,0.9746869802474976
cell_3590,4.424821853637695,3.81919002532959,0.8361488580703735,0,0,0.6900709867477417
cell_5321,0,0.031060028821229935,3.119086980819702,4.160224914550781,0.5149461030960083,0.21068930625915527
cell_5596,3.567063331604004,0.24323393404483795,3.5536296367645264,1.7636514902114868,0.1853879690170288,0
cell_1946,5.048792839050293,3.588810443878174,2.403883934020996,0,0.23266711831092834,0.9768677353858948
cell_8898,3.9079957008361816,0,5.017189025878906,0.06007903814315796,0,0
cell_7327,0.7979845404624939,0,3.2326037883758545,4.11379337310791,0.08210393041372299,0.7240288853645325
cell_4430,0,0.8899667263031006,0,0.44515442848205566,0.31815043091773987,3.5514748096466064
cell_6239,2.7302095890045166,0,4.014831066131592,3.6770758628845215,0.047323472797870636,0.8440302610397339
cell_3418,0,0.14097028970718384,0.42299243807792664,1.441053867340088,0,1.0519088506698608
cell_2627,3.6528682708740234,0.23354345560073853,3.4150702953338623,0.35663270950317383,0.6599540710449219,0
cell_2329,3.277228593826294,0,4.868043422698975,1.1260981559753418,0,0
cell_246,3.5182106494903564,0.9408804774284363,3.002028465270996,0.9364581108093262,0,0
cell_1021,3.9228646755218506,0,3.3067612648010254,0,0.09363630414009094,0.21953535079956055
cell_1835,3.9819915294647217,3.457347869873047,0,0,0.3794786036014557,0
cell_4713,4.8396220207214355,3.1922268867492676,0,0,0,0.336058646440506
cell_3276,0.9368383884429932,0.06136066094040871,2.172039747238159,4.583634853363037,0,0
cell_1332,0,0.4179758131504059,2.688525915145874,4.065240859985352,0,0
cell_2022,1.2188166379928589,0,0,3.875108242034912,0,0.21965530514717102
cell_9101,3.474766254425049,0.6161125302314758,4.382002830505371,0.7331481575965881,0.04284369945526123,0
cell_5821,1.0337144136428833,0,0.6167738437652588,0.23036803305149078,1.7773128747940063,1.3545336723327637
cell_4759,3.5781195163726807,0,4.679537296295166,0.13289618492126465,0.10772566497325897,0.05748981982469559
cell_8687,3.4528696537017822,0,3.2341551780700684,0,0,0
cell_6608,3.7050626277923584,0.2025383561849594,4.768163204193115,0.6665555834770203,0.4553825855255127,0.4386952519416809
cell_9738,3.841815710067749,0,3.5752830505371094,0.7231738567352295,0.3333948850631714,0
cell_3762,4.199777603149414,3.112993001937866,0,0,0.2630627751350403,1.6974502801895142
cell_9765,3.811368942260742,0,4.7091546058654785,1.3031654357910156,0.11190605163574219,0.7010956406593323
cell_2453,4.027833461761475,0.06948228180408478,3.967240333557129,1.3199843168258667,0.6209936141967773,0
cell_8258,4.1296539306640625,3.9671425819396973,0.10001172125339508,0.9484224319458008,0.11048561334609985,1.1261680126190186
cell_7625,4.22424840927124,3.768606662750244,1.2700461149215698,0.06836952269077301,0,0.014378019608557224
cell_1841,3.7399728298187256,3.2997100353240967,0,0.9131389260292053,0.7844982147216797,1.0314545631408691
cell_8651,1.0921281576156616,0.03507504239678383,3.254364252090454,0,2.423197031021118,0.3861727714538574
cell_121,3.6937365531921387,3.61777663230896,0.7839972376823425,0.4375951886177063,0,0.7794504761695862
cell_828,0.7602808475494385,0,3.7810566425323486,0.7277137637138367,2.4374473094940186,0.39671993255615234
cell_4678,2.978154420852661,0,3.067833185195923,0,0.4873885214328766,0
cell_4504,0.054445780813694,1.608762502670288,0.6632869839668274,0.06741133332252502,0.2510419487953186,2.1144089698791504
cell_7684,0.7101932168006897,0.9939693212509155,0.7563557028770447,3.8793318271636963,0.0760653167963028,0
cell_8055,0.5312237739562988,0,0.3097877502441406,3.493614673614502,0,0.1005055382847786
cell_6604,3.6633317470550537,0.4855120778083801,3.6807265281677246,0,0.012235823087394238,0
cell_1579,3.8551337718963623,0,4.721602916717529,2.039717674255371,0.33536916971206665,0
cell_6889,0,0.030256938189268112,0.7716226577758789,3.4335126876831055,0,0
cell_8410,3.3079311847686768,1.7109041213989258,1.5169484615325928,3.756343126296997,0,0.9233777523040771
cell_2734,2.5498404502868652,0,3.430131435394287,1.5034596920013428,0.24279668927192688,0
cell_7118,3.986607074737549,3.5423836708068848,1.1500576734542847,0,0.02488243393599987,0.8249415755271912
cell_1957,0.36782509088516235,0.031698986887931824,1.0352846384048462,2.4100406169891357,0,0
cell_371,3.200880289077759,0.7501463890075684,2.8798904418945312,0.08906680345535278,0.08256746083498001,0.04016699641942978
cell_7372,4.328392028808594,3.97025203704834,0.5645740628242493,0,0,0.8405328392982483
cell_8615,4.5543718338012695,0,4.098832130432129,0,0.7973617911338806,0.02360798418521881
cell_8198,3.590409278869629,0,4.582643985748291,0,0,0
cell_6535,3.8960161209106445,0.4493727684020996,4.623412132263184,0.5297332406044006,0,0
cell_9757,1.7629401683807373,2.251025438308716,1.4594590663909912,0,1.8280293941497803,0.7794033885002136
cell_5133,4.859391212463379,3.481180191040039,2.1370017528533936,0.8543683886528015,0.7963116765022278,0.9405558705329895
cell_7598,4.692078113555908,3.3843188285827637,0,0,0.6189947128295898,0.636429488658905
cell_142,4.285741329193115,3.4753942489624023,0,0,0.6455792784690857,0.9574376344680786
cell_311,1.0395199060440063,0,1.1770591735839844,4.035706520080566,0,0
cell_8090,0.6188283562660217,0.2658580541610718,0,3.35063099861145,0.4313477575778961,0.4831920564174652
cell_1442,0,0.5085222125053406,1.8222111463546753,3.2657320499420166,0.036313023418188095,0.06948812305927277
cell_8360,3.7908103466033936,3.3779265880584717,2.321992874145508,0.28576233983039856,0.010561838746070862,0
cell_939,3.8467061519622803,0.4736543297767639,5.013431072235107,0.5772901177406311,0,1.7138993740081787
cell_7630,3.4889166355133057,0,3.400725841522217,1.3674383163452148,0.6612714529037476,0
cell_9401,3.6999785900115967,0,4.86209774017334,1.7407968044281006,0,0
cell_7517,4.247653484344482,3.4704809188842773,0.1887459009885788,1.0763410329818726,0.04366939887404442,0.32967302203178406
cell_1594,1.345814824104309,0.5831970572471619,2.2748782634735107,3.3356435298919678,0,0.4933541417121887
cell_5588,3.899157762527466,0,4.006216049194336,0.5947168469429016,0,0.0971200242638588
cell_8357,4.218740940093994,3.1497979164123535,0.9376434087753296,0,0.6910335421562195,0.2652670443058014
cell_9926,4.555474281311035,0.4189622402191162,4.376255512237549,1.2475330829620361,0.03850027173757553,0.030124766752123833
cell_474,4.926589488983154,3.9034552574157715,0.502924382686615,0,0.8420229554176331,1.2320818901062012
cell_3111,3.9674577713012695,0.5757614374160767,3.633732557296753,0.2534087598323822,0.42514172196388245,0
cell_9807,3.7554495334625244,0,4.829089164733887,1.666702151298523,0.0042798169888556,0.4557139277458191
cell_6675,0.21199515461921692,0,2.352299213409424,0,2.2637228965759277,0.49112334847450256
cell_453,3.658931016921997,0,3.641669273376465,0,0.19027814269065857,0.127829447388649
cell_4241,3.145825147628784,0,4.400086879730225,0,0.6566466689109802,0
cell_3178,0.47444069385528564,0,0.4404968023300171,0.6124059557914734,1.0834938287734985,1.4581679105758667
cell_4295,0.6641541719436646,1.1815249919891357,0.5462997555732727,0.539644181728363,0.7257397770881653,3.127624988555908
cell_8049,4.160136699676514,0.09211111068725586,4.993781566619873,1.3573426008224487,0.7519171833992004,0.23168803751468658
cell_1892,1.3295036554336548,0.9799907803535461,0.3048417270183563,0,0.6387590765953064,0
cell_1476,0.30550476908683777,0.670408308506012,0.1205819696187973,0,0.16258028149604797,3.047043561935425
cell_2853,1.4978207349777222,0.6153689026832581,2.329498291015625,4.047969818115234,0.05842672660946846,0.6936506628990173
cell_7392,3.5645735263824463,0,4.146582126617432,0,0.07978653162717819,0.05049702525138855
cell_2988,4.00712776184082,0,4.624091625213623,0.3578556180000305,0,0
cell_322,0,0,1.326606035232544,3.761443614959717,0.07441437244415283,0
cell_5042,3.677262544631958,0,5.265778064727783,0.21437186002731323,0.6351316571235657,0
cell_3910,4.690112113952637,3.351285457611084,1.6334984302520752,1.1186975240707397,0,1.308292031288147
cell_3757,3.4992237091064453,0,4.205077648162842,0,0.4805639684200287,0
cell_70,0.50421541929245,0.5749460458755493,2.574120044708252,4.267714977264404,0,0.5010303258895874
cell_2067,0.5145769715309143,0,0.015368958003818989,4.442830562591553,0,0.861663281917572
cell_5865,3.788501262664795,0,4.112895965576172,1.2110936641693115,0.07803313434123993,0.8697205781936646
cell_166,4.073589324951172,0,5.213496208190918,1.2607351541519165,0.3402135968208313,0.521117627620697
cell_276,1.005108118057251,0,2.412182331085205,3.8419418334960938,0.5783522129058838,0.631123423576355
cell_2205,0.39165741205215454,1.209894061088562,0.6958698034286499,3.8353772163391113,0.9372350573539734,0.6137989163398743
cell_601,4.0265793800354,1.2136836051940918,5.017409324645996,1.518716812133789,0.14153140783309937,0.09372443705797195
cell_8004,0,0,2.5932376384735107,3.6372299194335938,0.5638184547424316,0.2817254960536957
cell_8517,3.6537129878997803,0,4.131978511810303,1.200696587562561,0.11104442179203033,0
cell_4785,3.883573532104492,0.4724629521369934,4.352407932281494,0,0,1.0498360395431519
cell_5431,0,0,0.4953656792640686,3.407029390335083,0.239034503698349,0
cell_1993,3.3600220680236816,2.9066948890686035,0,0,0,0
cell_8217,4.826817035675049,3.7310705184936523,0.6871179938316345,0.6940926909446716,1.3753224611282349,0.3621319532394409
cell_3278,4.087336540222168,0.821150004863739,4.151221752166748,1.3778913021087646,0,0.6045903563499451
cell_4677,0.488446444272995,0,1.0044829845428467,1.6594728231430054,0.08057361841201782,1.417256474494934
cell_4741,3.2935268878936768,0.6301155090332031,3.4089083671569824,0.3823208808898926,0.19520090520381927,0
cell_3058,1.4207897186279297,0,1.6547774076461792,3.9183499813079834,0,1.8585225343704224
cell_6647,4.512138843536377,0,4.107153415679932,0,0.5398069620132446,0
cell_7447,2.755722999572754,0.630791425704956,4.699828624725342,1.8696860074996948,0.5517991781234741,0
cell_9516,0.914010226726532,0.019471269100904465,2.228379964828491,3.512528896331787,0.16925138235092163,0.6478992700576782
cell_3636,1.6098288297653198,1.2105952501296997,1.6361298561096191,3.7475385665893555,0.06058744713664055,0.24350878596305847
cell_9293,4.558765888214111,3.6237876415252686,0.5622361302375793,0.4731596112251282,0.703290581703186,0.3466814160346985
cell_6283,3.6659035682678223,0,4.556973457336426,1.160038948059082,0.5050308704376221,0.062019556760787964
cell_7639,0,0.32347196340560913,1.3042247295379639,2.8866963386535645,0.3753584921360016,1.6787742376327515
cell_762,0.10829837620258331,0,0.9844091534614563,4.144423007965088,0,0
cell_3779,3.7460412979125977,0,4.536941051483154,0.27425435185432434,0.01570184901356697,0
cell_5007,4.511599540710449,3.6361420154571533,0.2624719738960266,0,0.4212736189365387,0.6991305351257324
cell_8535,3.847015380859375,0.6910768151283264,5.134120464324951,0.6267077326774597,0.6669308543205261,0
cell_414,2.209200143814087,1.3806865215301514,0.9886941313743591,0.7962578535079956,0.4333881437778473,4.033089637756348
cell_7063,2.8934895992279053,3.031229257583618,0.9618479013442993,0.84898442029953,0,0
cell_1260,0.35433924198150635,0.14548757672309875,0,4.034602165222168,0,1.3159180879592896
cell_2776,4.297266960144043,0.2882644534111023,4.311370849609375,0.6069861650466919,0.6887457966804504,0.9079280495643616
cell_1370,3.5235815048217773,0,5.186018466949463,0.7443153858184814,0.048103563487529755,0
cell_4077,3.910137414932251,3.629883050918579,1.6667910814285278,0.6189982295036316,0.5073607563972473,0.6692354083061218
cell_7117,4.380256652832031,3.9123408794403076,0.24878248572349548,0,0.6563195586204529,1.6214687824249268
cell_6032,0.8295160531997681,0.10257379710674286,1.9448167085647583,4.0454840660095215,0,0.2087244987487793
cell_3709,0,0.10827654600143433,3.1199615001678467,3.4484572410583496,0,0
cell_8934,4.205811500549316,0.25284236669540405,4.287445545196533,0.565818727016449,0.8108804225921631,1.3115092515945435
cell_3149,3.377375602722168,0,4.659755706787109,0.7776709794998169,0,0.0832691639661789
cell_6824,3.513917922973633,3.2797067165374756,1.0880223512649536,0,0.31973016262054443,0.4219881296157837
cell_3407,2.411749839782715,3.1905250549316406,0.6702534556388855,1.0549031496047974,0,0.7969719171524048
cell_8052,3.9997570514678955,0,4.652388095855713,0.746482253074646,0,0.8457241654396057
cell_3844,3.688380241394043,0,5.108891487121582,1.5216121673583984,0.12050428241491318,0
cell_6800,3.790449857711792,1.2549835443496704,4.306400775909424,1.935113549232483,0.3158372640609741,0.8663594722747803
cell_2843,3.7554538249969482,3.353081226348877,0.25167185068130493,0.21657919883728027,0.37841883301734924,0.9193234443664551
cell_7626,3.3036789894104004,0.26906946301460266,4.032072067260742,0,0.6202256083488464,0
cell_5052,5.013552188873291,3.8535501956939697,0.9760238528251648,0.7369417548179626,0.40618979930877686,0.27677375078201294
cell_3243,3.9400744438171387,3.6017236709594727,0,1.1002552509307861,0.4793192446231842,0
cell_3403,3.8375885486602783,0.06637941300868988,5.194785118103027,0.920413076877594,0,0
cell_7799,0,0,1.9232847690582275,3.6812262535095215,0.12404650449752808,0
cell_1708,4.594931602478027,0.08627969771623611,5.4492645263671875,0.1004568487405777,0.3371066451072693,1.0245084762573242
cell_3263,3.1141891479492188,3.778716802597046,1.6386862993240356,0.05808434262871742,0.036333128809928894,0.6184108257293701
cell_563,4.388049602508545,3.395051956176758,0,0,1.11054265499115,0.784585177898407
cell_9210,3.537400484085083,0.21164166927337646,4.623427867889404,0,0,0
cell_3126,0.24698512256145477,0,0,0.6036601662635803,0.2942943871021271,3.345054864883423
cell_8425,4.3367600440979,0.8218134045600891,4.643235206604004,1.155769944190979,0.4757850170135498,0.14577844738960266
cell_5977,0.8856087327003479,0.6312634944915771,1.7657374143600464,0,1.7165560722351074,0
cell_699,3.822728395462036,0,4.80116605758667,2.0107760429382324,0.4301881790161133,0
cell_5956,2.7052712440490723,0.18720822036266327,2.060253381729126,0,0.2582414448261261,0.31641140580177307
cell_2881,4.102958679199219,0.003792092902585864,5.349941730499268,0,0,0
cell_976,4.140057563781738,0.07452517002820969,4.887575149536133,0.8786199688911438,0,0.0467885285615921
cell_6949,2.0931894779205322,0,0.7271875739097595,0.7134463787078857,0.2419070303440094,0
cell_2549,2.74548602104187,0,3.3201165199279785,1.2403110265731812,0,0.3429872989654541
cell_7119,1.7377687692642212,0.8683027625083923,0,1.6881526708602905,0.7266376614570618,2.091625452041626
cell_2937,4.0403337478637695,0.2671367824077606,3.2644824981689453,0.981525182723999,0,0
cell_4941,3.909099817276001,0,4.2855143547058105,0,0.5022062063217163,0
cell_7018,3.544337511062622,0.6039893627166748,4.427905082702637,0,0,0
cell_1157,4.54701566696167,3.510279655456543,0.47878801822662354,0,1.0840743780136108,0
cell_182,3.5529801845550537,0,4.657616138458252,0,0.056237488985061646,0
cell_837,3.5945160388946533,3.3733608722686768,0.6565474271774292,0.5879034996032715,0,1.943770408630371
cell_9863,0.1983080804347992,0.7584328055381775,0.14310872554779053,0.938625693321228,0.27118968963623047,2.2207021713256836
cell_481,3.5769152641296387,0,4.640347957611084,2.528636932373047,0.28721705079078674,0
cell_2774,4.18482780456543,3.268602132797241,0,1.2738492488861084,1.0673694610595703,0.9721207618713379
cell_2314,3.391237258911133,0.45729267597198486,4.1308722496032715,0.023220108821988106,0,0
cell_666,3.9733681678771973,3.5789966583251953,1.3852907419204712,1.375645399093628,0,0
cell_8438,4.924824237823486,3.8318917751312256,1.8014204502105713,0,0.5482268333435059,0.9813995957374573
cell_2814,4.213247299194336,0,4.4303412437438965,0.8587093353271484,0,0
cell_5088,2.9169039726257324,3.5284793376922607,0,0,0.04475134238600731,0.7544228434562683
cell_4369,1.064513921737671,0.8726774454116821,1.1684911251068115,3.8033254146575928,0,0.29374802112579346
cell_6284,4.246556282043457,3.3759608268737793,0,3.6571037769317627,0.12109722942113876,0
cell_6213,4.690300941467285,3.498990058898926,0.5239391326904297,0,0,0.4855562746524811
cell_5383,3.453655958175659,0,1.0963886976242065,0.20615054666996002,1.0434901714324951,0.07124779373407364
cell_8423,4.771225452423096,4.197928428649902,0.49463358521461487,0,0.33547359704971313,1.4384969472885132
cell_3506,4.110567092895508,0.36498019099235535,4.138606548309326,0.40108269453048706,0.1989070326089859,0
cell_3592,4.607420444488525,4.058084011077881,0,0.9195932745933533,0.43218955397605896,1.1218692064285278
cell_7386,0,0,0.5782917737960815,3.5668487548828125,0,0
cell_5010,3.8148372173309326,0.6291527152061462,3.900709629058838,0.093329057097435,0.3322499096393585,1.0179171562194824
cell_255,5.259420871734619,3.736563205718994,1.8684405088424683,0.4700928330421448,0.857822835445404,0
cell_1974,3.1686646938323975,3.862236261367798,0.21321389079093933,0,0.6007784605026245,0
cell_2045,4.283010959625244,0.5629111528396606,5.101491928100586,1.6250044107437134,0.8995668292045593,0.11804894357919693
cell_6919,0.4824546277523041,0.07570304721593857,0.5393380522727966,3.5080065727233887,0,0.025633005425333977
cell_3906,3.949671983718872,3.211211681365967,0,0.8161583542823792,0.04403721168637276,0
cell_7859,4.2955732345581055,3.36763334274292,0,0.023339571431279182,0.04089291766285896,0.7523402571678162
cell_4829,4.535120010375977,0.10119456797838211,4.12144660949707,0,0.5537487864494324,0
cell_8726,3.3115196228027344,0,4.227359771728516,0.19876597821712494,0,0
cell_3843,0.269039124250412,1.059453010559082,1.638590693473816,0.09779857099056244,1.7038121223449707,0
cell_8824,4.226622581481934,3.755016803741455,0.7508370280265808,0.38259798288345337,0.10397912561893463,1.0670355558395386
cell_6977,1.2351316213607788,0.5361703038215637,0,4.350858211517334,0,0.07080681622028351
cell_769,4.276223659515381,3.632042407989502,1.427422046661377,0.5505183339118958,0.4353635311126709,0.6552039384841919
cell_8950,3.951200008392334,0.06851871311664581,5.0853962898254395,0.8866824507713318,0,0.5472779273986816
cell_8662,4.2385077476501465,3.6883556842803955,1.2103971242904663,0,0.5271131992340088,0.9242562055587769
cell_8291,0,0,0.33167701959609985,3.6053824424743652,0,0.5801175236701965
cell_5115,3.4198365211486816,0,4.835227966308594,0.4582544267177582,0.7636914253234863,0.1759384721517563
cell_3770,4.5399675369262695,3.6580631732940674,0.4852140545845032,0,0,0.5868725180625916
cell_4200,0,0.10399051755666733,2.011476755142212,4.2682719230651855,0,0
cell_8823,4.008394718170166,3.1883039474487305,0.18805745244026184,0.23074793815612793,0.1166732907295227,0
cell_2845,0,0.3049917221069336,0.9151008129119873,3.8773391246795654,0.329484224319458,0.24819640815258026
cell_1043,1.0369640588760376,0,0,4.23306131362915,0.22153937816619873,0
cell_1182,0.2218494862318039,1.3401281833648682,0.4437740445137024,0.4951982796192169,0,1.1365262269973755
cell_115,3.7064828872680664,0.08444935083389282,4.265007495880127,0,0,0.7031039595603943
cell_9850,4.272065162658691,3.4381983280181885,0.3664533197879791,0,0.5422093272209167,1.270521879196167
cell_5738,3.5493860244750977,0.5637109875679016,4.290988445281982,0.6042203903198242,0,0
cell_7758,3.4489753246307373,3.817591428756714,0.5610688924789429,2.765333890914917,0,0.006915448699146509
cell_4627,0,0.8981739282608032,2.4753456115722656,3.504746437072754,0,0
cell_3460,4.849989891052246,3.469508647918701,0,0.4782533645629883,0,0.02824198082089424
cell_7016,0.4043249189853668,0.5338383316993713,0,4.291621208190918,0.5598291754722595,0
cell_652,1.6140142679214478,0.1141902357339859,2.4290614128112793,4.1717143058776855,0.2245386391878128,0
cell_2676,0.5829793214797974,0.1779162734746933,1.5668853521347046,4.028289318084717,0.07434223592281342,1.0998338460922241
cell_1091,0,0.39636003971099854,2.8458034992218018,0.9268631935119629,2.0633254051208496,0.5390185117721558
cell_1587,2.553171396255493,0,4.375925540924072,0.8878178000450134,0,0.5329136252403259
cell_2637,0.7528488636016846,0.5574374198913574,1.744158148765564,4.247455596923828,0,0
cell_2287,0.706697940826416,0.43692106008529663,2.637559652328491,3.71516489982605,0.12376820296049118,0
cell_9040,3.5607004165649414,0,5.178013801574707,0.4975550174713135,0.06464230269193649,0.7835804224014282
cell_7161,2.5344676971435547,0.18593278527259827,3.1396188735961914,0.6705637574195862,0.2071264237165451,0
cell_1026,3.815211057662964,3.0282280445098877,0.22089779376983643,1.6421791315078735,0.2390461564064026,0.6580017805099487
cell_2190,3.609171152114868,0.04366837814450264,3.7342824935913086,1.0816410779953003,0.16210146248340607,0.1643456667661667
cell_9367,0.4956298768520355,0.4502996802330017,0.9814706444740295,4.373769283294678,0,0.5872982144355774
cell_1355,4.4050092697143555,3.8502159118652344,1.4808335304260254,0,0,0.3246901035308838
cell_2796,3.8517236709594727,1.0406135320663452,3.697432279586792,0,0,1.4757474660873413
cell_5638,3.6787455081939697,0,4.214413166046143,0.12385265529155731,0.4351568818092346,0
cell_5834,3.99589204788208,3.413322925567627,1.0131850242614746,0.5086633563041687,0.07963019609451294,0.8228501677513123
cell_7477,4.409359455108643,0,3.5019514560699463,0.12296190857887268,0.3296731114387512,0
cell_8166,3.084794759750366,0,3.093357563018799,0,0,0
cell_1256,0.9037525653839111,0.008191848173737526,0.6384409666061401,3.0668423175811768,0,0.6423096656799316
cell_6331,4.506675720214844,0.4267541468143463,5.1106953620910645,0.5573277473449707,0.6000060439109802,0.4849587678909302
cell_9983,0.7878813743591309,0.9467246532440186,0,0.41911789774894714,0.07550749182701111,1.2885099649429321
cell_888,0.3364968001842499,0.42894595861434937,3.9041924476623535,0,3.3032803535461426,0
cell_1150,3.826862096786499,0,4.454935073852539,0.007316287141293287,0.24095338582992554,0
cell_7346,3.9124062061309814,3.718010425567627,0.8444841504096985,1.8562506437301636,0.09378529340028763,0.7133902907371521
cell_1276,3.6162774562835693,0,3.081763505935669,0.022892821580171585,0.39489316940307617,0
cell_1775,2.4791831970214844,1.8607500791549683,1.0366637706756592,0,0.7304236888885498,0.3717810809612274
cell_3463,2.798891067504883,3.4739370346069336,0,0.4383499324321747,0,1.0016365051269531
cell_1413,0,1.0884284973144531,0.3493393063545227,0,0.046437837183475494,3.1450538635253906
cell_8704,4.164398193359375,0,4.550634384155273,1.5630412101745605,0.008992026560008526,0
cell_9088,3.6435439586639404,0.7924373149871826,5.1132121086120605,1.6621414422988892,0,0
cell_928,5.113392353057861,0,0.47842326760292053,0,2.425856828689575,0
cell_6418,4.698437690734863,3.7273082733154297,0.493038147687912,1.0277265310287476,0.23378747701644897,1.0360352993011475
cell_5987,3.7549614906311035,0,4.579138278961182,1.1234368085861206,0.1555846929550171,0
cell_2806,0.17941640317440033,0,1.7185026407241821,0,1.459483027458191,0.8443474769592285
cell_3868,3.6366474628448486,3.5517709255218506,0.9153959155082703,0,0.48904308676719666,1.8250707387924194
cell_3281,3.285773277282715,0,4.035729885101318,1.6136884689331055,0,0
cell_4004,2.561304807662964,3.271017074584961,0,0.24199314415454865,0,1.1833161115646362
cell_754,4.8332743644714355,3.646584987640381,0.31143900752067566,0.7143414616584778,0.2929813265800476,0.11463962495326996
cell_8767,0,0.23929905891418457,0,0.512793242931366,0.12899568676948547,0
cell_6958,0.9458443522453308,0.09854763001203537,0,0,0,0.6401267051696777
cell_5906,0.6730569005012512,0.3714534044265747,2.001297950744629,4.074680328369141,0,0.04973303899168968
cell_7101,3.4121100902557373,0.24809379875659943,4.727006435394287,1.5310678482055664,0.5648159980773926,0.05700443312525749
cell_820,3.322579860687256,3.692244529724121,0.3993462026119232,0.04331640899181366,0.398124098777771,0
cell_792,3.2081806659698486,0.6586397290229797,3.0071122646331787,1.0775001049041748,0.2404211163520813,0
cell_9315,1.733686089515686,1.130715250968933,0,1.1337814331054688,0.4521925151348114,2.1139180660247803
cell_2532,2.875525951385498,0,3.0385003089904785,0.7335052490234375,0.28746917843818665,0.329433411359787
cell_8113,4.183183670043945,3.540588855743408,1.3579708337783813,0,0,1.2512903213500977
cell_6924,0,0.5212125182151794,0.9109497666358948,1.3127849102020264,0,0.36404335498809814
cell_6591,0.1341945081949234,0.7133342623710632,3.3140861988067627,0.9121976494789124,2.140566110610962,1.8609923124313354
cell_8355,0,0.09464716911315918,1.777984857559204,3.9830541610717773,0,0.3464033305644989
cell_8175,3.849555492401123,0.7389274835586548,4.900763511657715,0.7918348908424377,1.3714932203292847,0.9201214909553528
cell_6950,2.437317132949829,0,3.0100159645080566,0.3009795844554901,0,0.8602114915847778
cell_3064,3.5147182941436768,0,4.849978446960449,0.7925882339477539,0.44503360986709595,0.022313712164759636
cell_8810,3.4676873683929443,0.48337510228157043,5.155673027038574,1.6538511514663696,0.230403333902359,0
cell_4443,3.16028094291687,0.7011758089065552,3.068127393722534,0.9084576368331909,0.4226796329021454,0.46973487734794617
cell_6694,0.052009932696819305,0.5123634934425354,1.116468906402588,4.310642719268799,0.1129203513264656,0.35691821575164795
cell_2064,0,0.2076442539691925,1.5495679378509521,3.43674635887146,0,0.39813801646232605
cell_8044,4.092842102050781,3.2110538482666016,0.04359382763504982,1.5973795652389526,0.9489263296127319,1.2004194259643555
cell_5688,3.1718626022338867,0.019243033602833748,3.9066357612609863,0,0.08977379649877548,0.5208041071891785
cell_5060,0,0.1738705039024353,1.869950532913208,1.0842798948287964,2.1511497497558594,0.0574398934841156
cell_6715,4.091487884521484,3.490116834640503,1.3562151193618774,1.2067257165908813,0.47464871406555176,1.8842283487319946
cell_2298,3.3369061946868896,0,4.379476547241211,1.2422266006469727,0,0
cell_3788,2.4415814876556396,2.4736149311065674,0,0,0.3631924092769623,0.9561147689819336
cell_1298,0.4732201397418976,0.27068987488746643,2.906468391418457,0.6285828351974487,2.412926197052002,0
cell_1136,2.771109104156494,0.8067920207977295,4.421760082244873,0,0,0.004686652682721615
cell_644,4.266458988189697,0,5.104041576385498,0,0.45793014764785767,1.4598807096481323
cell_8909,4.17977237701416,3.5802743434906006,0.4713476896286011,1.9449470043182373,0.12223247438669205,0
cell_6925,0,0,1.1214115619659424,2.9803528785705566,0.16459178924560547,1.2604328393936157
cell_2963,0,0.3998450040817261,1.2902148962020874,1.842552900314331,0.17503413558006287,0
cell_3628,4.149146556854248,3.9535646438598633,0.30516403913497925,0,0,1.215002417564392
cell_7699,3.686082601547241,0.6123435497283936,4.803439140319824,1.0379241704940796,0.8171610832214355,0.9024205803871155
cell_1465,4.514634609222412,0.3455961048603058,4.526247501373291,0.09877767413854599,0.10766512155532837,0
cell_6657,3.842937707901001,0,5.0320725440979,1.298343300819397,0.4398964047431946,0
cell_1389,4.2554240226745605,3.7844953536987305,1.4833550453186035,1.4786518812179565,0.42609524726867676,0
cell_733,3.5075182914733887,0.02101346105337143,4.582538604736328,0,0,0
cell_7767,3.0956103801727295,3.8505406379699707,0,1.1715631484985352,0,1.1683048009872437
cell_1564,4.067068099975586,3.278046131134033,0.9297860860824585,0.7009738087654114,0,0.10768070816993713
cell_9808,4.343496799468994,0.46545082330703735,4.058913230895996,0.18857674300670624,0,0.177143394947052
cell_8306,0.597683846950531,0,2.398008108139038,3.589571237564087,0.3862864673137665,0
cell_7602,3.938957452774048,0,3.774181604385376,1.040444016456604,0.8774718642234802,0
cell_6926,3.4385275840759277,0,3.2551565170288086,0.559352695941925,0,0.6099664568901062
cell_979,4.300320625305176,3.653996229171753,0.3036714196205139,0,0.5339089632034302,0
cell_5031,4.606949329376221,3.6031181812286377,2.1262433528900146,0,0.718271791934967,0.8380618691444397
cell_1344,0.028989829123020172,1.0000829696655273,0.12232235074043274,0.3031449019908905,0.8543437123298645,4.321208477020264
cell_3211,3.841905355453491,0,5.02804708480835,1.26176118850708,0,0
cell_8751,4.01474666595459,3.6107633113861084,0.5725612640380859,1.5897890329360962,0.18509185314178467,1.2811380624771118
cell_5509,2.770799160003662,0.6589270830154419,3.5451486110687256,1.6238752603530884,0,0
cell_1596,3.058323383331299,0,2.8382489681243896,0.5936899781227112,0,0.1808946579694748
cell_9303,3.056006669998169,0.2889518439769745,4.063115119934082,1.1225861310958862,0,1.125321865081787
cell_4545,0.4014914929866791,0,1.495063304901123,0,2.370412588119507,0
cell_23,4.424857139587402,3.694201707839966,0.4193897247314453,0.5449499487876892,0,0.7937967777252197
cell_5227,3.7225801944732666,0.3535270690917969,4.268396854400635,0.36345112323760986,0.3979695737361908,0
cell_9399,4.293415069580078,3.8249289989471436,0.7327154874801636,0.14894799888134003,0,0.5036848187446594
cell_4655,1.677295446395874,0,1.9083763360977173,0,0.10521283000707626,3.0203216075897217
cell_27,3.8351800441741943,0.28890588879585266,4.237152099609375,0.5832202434539795,0.05113394185900688,0
cell_8206,4.507845878601074,0.004270034842193127,4.912731647491455,0.2504041790962219,0,0
cell_6423,3.451575756072998,0.5199413895606995,4.635392665863037,2.080277442932129,0,0.1604873687028885
cell_9801,4.55473518371582,3.463674306869507,1.8274710178375244,0,0.32456594705581665,0.7314253449440002
cell_3314,5.0952324867248535,0,4.770498275756836,0.47034332156181335,2.690324068069458,0
cell_6997,3.8434464931488037,0.3664321303367615,3.8912010192871094,0.8855770230293274,0.10240569710731506,0.5951576828956604
cell_4847,4.366594314575195,3.7690439224243164,0,0,0.1438339650630951,0.8281192779541016
cell_764,4.184637069702148,3.0831992626190186,0.44287845492362976,1.569933295249939,0.1695169061422348,0.5765494108200073
cell_2767,3.86991024017334,0.09850069135427475,4.028017044067383,0.5042226314544678,0.6932596564292908,0
cell_1473,3.1904478073120117,0,5.298987865447998,0,0.5867005586624146,0
cell_5069,3.890117645263672,0.14198653399944305,4.798065662384033,0.6009154319763184,0.45893901586532593,0.11273656040430069
cell_7666,3.687929153442383,0.2239811271429062,4.896420478820801,0.29905858635902405,0,0.7675031423568726
cell_2170,3.9026074409484863,0.12923702597618103,3.454937696456909,0.3747955560684204,0.43364417552948,0
cell_9993,0.011919140815734863,0.20263563096523285,1.9914385080337524,0,1.9723210334777832,0.07784013450145721
cell_4860,4.315656661987305,3.514970541000366,0,1.2775543928146362,0,0.5517250895500183
cell_9460,4.736701965332031,3.761821985244751,0.7256907820701599,0.5906993746757507,0.6531137824058533,1.6628762483596802
cell_4558,4.217198848724365,0.2412077635526657,4.493438720703125,0,0,0.17188334465026855
cell_5297,4.029497146606445,0.12205605208873749,4.231332302093506,0.3264824151992798,0.03519584611058235,0.7617567181587219
cell_966,3.86181902885437,0.5962175726890564,3.0092992782592773,0.7246149778366089,0.48641297221183777,0
cell_937,0.22933083772659302,0.31895187497138977,1.2124723196029663,4.088615894317627,0,1.115371584892273
cell_321,0.05665676295757294,0.27996593713760376,0.9864527583122253,3.6721200942993164,1.048047661781311,0.9800385236740112
cell_4529,0.12332194298505783,0.10342604666948318,2.988419532775879,2.9512181282043457,0,0
cell_2761,0.3312909007072449,0,1.287016749382019,3.9675848484039307,0.001001196214929223,0.24090012907981873
cell_181,3.8632569313049316,0.9772132635116577,2.7588768005371094,0.2138175517320633,0.5547453761100769,0.15803639590740204
cell_3835,3.80100679397583,3.2511167526245117,0.4390716552734375,0,0.11717956513166428,0
cell_917,3.972749710083008,0.8351477384567261,5.342988014221191,0.45710548758506775,0.26629552245140076,0
cell_7217,3.7660319805145264,0.31108006834983826,4.278804302215576,0.3853610157966614,1.255715012550354,0
cell_258,3.911289930343628,0.6633438467979431,4.178625106811523,0.029350990429520607,0,0.6668136119842529
cell_4008,4.081392288208008,0,5.331388473510742,1.7374004125595093,0.24511399865150452,0.6195820569992065
cell_4817,3.5072853565216064,4.0848236083984375,0.6222598552703857,1.367584228515625,0,1.489376187324524
cell_7022,3.4876279830932617,0.2853468954563141,2.8751163482666016,0.9319068193435669,0,0.39581409096717834
cell_2042,3.4448153972625732,0.24527400732040405,4.6287736892700195,1.4536609649658203,2.2881038188934326,0
cell_9365,0.19711104035377502,0.11150969564914703,2.374547004699707,4.131537914276123,0.22008556127548218,0.07543990761041641
cell_9448,0.6238358616828918,0.08317454159259796,0,0.21080082654953003,0.22599637508392334,3.6893177032470703
cell_2194,2.629549503326416,0.01067991554737091,4.353444576263428,0,0,0.6830427646636963
cell_2838,0.6181495189666748,0,2.08648681640625,3.820672035217285,0,0
cell_8201,3.9780690670013428,0.708910346031189,4.923105716705322,1.4053049087524414,0,1.8241593837738037
cell_9461,4.016840934753418,3.5931475162506104,1.9513262510299683,1.0163217782974243,0,0
cell_8086,3.9570624828338623,3.360826253890991,0.07945717126131058,1.7222075462341309,0,0.6477923393249512
cell_572,4.333807945251465,0.5450366139411926,4.309057235717773,0,0.7343725562095642,0.6387034058570862
cell_1337,3.632380723953247,0.015661854296922684,4.852769374847412,0.7511574029922485,0.17776215076446533,0.915398359298706
cell_7411,0.5798825621604919,0,0,1.261781930923462,0,2.676790952682495
cell_817,0.7487242221832275,0.6003387570381165,2.7289299964904785,0.5005021691322327,3.023890733718872,0.77432781457901
cell_8209,3.352957010269165,0.09469321370124817,4.756464004516602,1.0633167028427124,0,0
cell_4626,0.38521987199783325,0.12741109728813171,1.4118592739105225,0.07898957282304764,1.5290087461471558,0.06521787494421005
cell_753,4.11988639831543,0,5.3000359535217285,1.040427803993225,0.5076942443847656,0.3592778146266937
cell_1566,4.836213111877441,3.4131007194519043,4.593338966369629,0,0.46867233514785767,0
cell_821,0,0,0,0,0.044880107045173645,0.4510195553302765
cell_621,0.9843753576278687,0,3.509047031402588,0,2.4047110080718994,0.016129517927765846
cell_4354,4.068515300750732,0.3929653465747833,5.205992698669434,2.0870542526245117,0.31960609555244446,0
cell_9556,4.124063014984131,0,4.097508907318115,0.6606899499893188,0.022895580157637596,0
cell_5203,3.9068362712860107,0.002456354210153222,4.444328308105469,0.33621945977211,0,0.6737829446792603
cell_1746,3.599862575531006,0,4.3459601402282715,0,0,0.024530652910470963
cell_2422,0,0.41228222846984863,0.0556032732129097,0.08577495068311691,0,2.633728504180908
cell_7843,3.5710391998291016,0.9881176352500916,3.424839973449707,0,0.04258390888571739,0.029568079859018326
cell_5355,1.017237663269043,1.169917106628418,0,0,0.4996306002140045,2.328526020050049
cell_9653,4.537222385406494,3.4536070823669434,0,0,0.19049394130706787,0
cell_2744,4.043464183807373,0,3.7434356212615967,0.26532089710235596,0.2593081295490265,0
cell_3594,4.301572322845459,0.5423936247825623,5.18748664855957,3.5170164108276367,0.3867245018482208,1.1902875900268555
cell_1651,3.697927713394165,0.004261419177055359,5.195944309234619,1.1736993789672852,0.032138001173734665,1.440123438835144
cell_8009,1.061875343322754,0.7364222407341003,2.538675546646118,4.460359573364258,0.09109451621770859,0.09113515168428421
cell_7195,4.56994104385376,3.4740333557128906,0,0.9458131790161133,0.9889299869537354,0.4104158282279968
cell_4460,3.1721668243408203,0.02162250690162182,2.953799247741699,0.9647145867347717,0.2692757248878479,0.035513292998075485
cell_3002,3.693118095397949,0.549462080001831,4.447904586791992,1.320587158203125,0.20964974164962769,0.010434120893478394
cell_8753,3.3345229625701904,3.9786393642425537,0.897309422492981,0.9727482795715332,0,0
cell_8504,0.07948972284793854,0.47668594121932983,2.204594850540161,4.042675495147705,0,0
cell_9719,4.413974285125732,3.3945658206939697,0,0,0.15927420556545258,0.8250740170478821
cell_1393,4.167755603790283,3.0975594520568848,0.5216460824012756,0,0.4998241364955902,0.5260037183761597
cell_127,5.0599260330200195,3.597116708755493,0.10547927021980286,0,0,0.3170938193798065
cell_2917,1.7980639934539795,0,0.5802538990974426,1.9070000648498535,0.5628829598426819,2.739562749862671
cell_6489,3.4776997566223145,0,4.209920883178711,0,0.1450803428888321,0
cell_4025,3.89204740524292,0.011307659558951855,4.836882591247559,1.1749459505081177,0.5828806757926941,0.8719530701637268
cell_6407,3.841240406036377,0,4.588272571563721,0.49446901679039,0.22694434225559235,0
cell_5681,3.6606972217559814,3.0937814712524414,1.2639987468719482,0,0.8146583437919617,0.7058340311050415
cell_3014,3.1614701747894287,1.090649127960205,4.794357776641846,0,0.0400945246219635,0
cell_6195,0.025700461119413376,0,1.6310943365097046,3.962446451187134,0,0
cell_5286,3.6784157752990723,0,4.293641567230225,1.239134669303894,0.2284332513809204,1.1414755582809448
cell_1207,0,0.47265538573265076,1.2625744342803955,4.268671989440918,0,0.4819621741771698
cell_5188,0.322129487991333,0,2.3842685222625732,0.33371222019195557,2.075119733810425,0.3173135817050934
cell_7535,3.1568634510040283,0.19646859169006348,3.5960099697113037,0.7288509607315063,0,0.230280801653862
cell_6228,0,0,2.64853572845459,3.147109031677246,0.16795717179775238,0.31924861669540405
cell_9873,1.5074059963226318,1.2187011241912842,0.3272748589515686,3.9556496143341064,0,0.5877296924591064
cell_2426,1.8472697734832764,0.25949373841285706,0.8749353289604187,1.49812650680542,0.08038093894720078,0
cell_9817,4.286256790161133,0.10123344510793686,5.333975791931152,1.383497953414917,0.304834246635437,0.4320394694805145
cell_1788,3.6194419860839844,0.2316746562719345,3.7049543857574463,1.1398404836654663,0.45421767234802246,0
cell_9011,3.810119152069092,0.7479983568191528,4.360962867736816,0,0.35494643449783325,0.6217487454414368
cell_2494,3.727165699005127,0.8541187047958374,4.1107378005981445,0,0.4697190523147583,0
cell_2246,4.169427871704102,3.39404559135437,0,1.0399776697158813,0,0
cell_3991,1.170943260192871,0.850834846496582,2.994446039199829,4.3126139640808105,0.04148401692509651,0.5752571225166321
cell_6626,0.04124043881893158,0.8224238753318787,1.72962486743927,3.733661651611328,0,1.3408405780792236
cell_942,3.7135848999023438,1.2959424257278442,3.4286556243896484,0.1578155755996704,0.5567120909690857,0.4030826687812805
cell_5581,3.68204665184021,0.058171384036540985,4.532070636749268,0.5519556403160095,0.31257104873657227,0
cell_2292,0.4927109479904175,0.17953479290008545,3.55499267578125,0.5141905546188354,3.6992199420928955,0
cell_6126,0.9100001454353333,0,2.118272542953491,3.448049306869507,0,0.1860024631023407
cell_3726,0.14598390460014343,0,0.026391526684165,1.772765874862671,0,3.0868399143218994
cell_9273,2.8790059089660645,0.6694312691688538,4.897846221923828,1.0122262239456177,0.37140563130378723,0.2118922919034958
cell_223,4.899040699005127,0.8731479048728943,4.503108501434326,0,0,0.8186977505683899
cell_7365,3.8325510025024414,0,3.2167160511016846,0,0.01748742163181305,0.2717321813106537
cell_1932,4.008680820465088,0,4.229552745819092,0.25555115938186646,0.04688354954123497,0.18054622411727905
cell_6241,0.5736382603645325,0,1.0413157939910889,4.379791736602783,0.5507901310920715,0.22496098279953003
cell_6104,3.6499438285827637,0.3618433475494385,4.359174728393555,0,0,0
cell_9833,0.2765178382396698,0.026471562683582306,3.9963340759277344,0.3620944619178772,2.5935261249542236,0
cell_4889,0.6484182476997375,0.961008608341217,1.7120306491851807,0.3489148020744324,2.34070086479187,1.0806238651275635
cell_7814,4.008405685424805,0.3882223069667816,4.621570587158203,0.904866099357605,0.18330833315849304,1.841430902481079
cell_6333,3.460179090499878,0.42655274271965027,4.8308329582214355,0.9863512516021729,0.320675790309906,1.2567996978759766
cell_3638,4.838412284851074,3.6806800365448,0.34017711877822876,1.012048602104187,0,0
cell_7473,1.0840370655059814,0.6940760016441345,3.928682327270508,0.3751855194568634,2.1001453399658203,0.7361140251159668
cell_9904,2.961254596710205,1.6885206699371338,1.1311570405960083,1.048081398010254,0.3962284028530121,3.467608690261841
cell_5827,0,0,0.6676567792892456,3.7049005031585693,0.2700320780277252,1.3538786172866821
cell_1112,2.82063627243042,0.4727765917778015,4.739100933074951,1.4142688512802124,3.720608711242676,0.2813825011253357
cell_4326,4.11861515045166,0,5.079758167266846,0.7747889161109924,0,1.3075942993164062
cell_5655,3.200071096420288,4.162662029266357,0,0,0.04925490543246269,0.30115875601768494
cell_4657,4.237606525421143,0,5.0775604248046875,0.5246312618255615,0,1.023687481880188
cell_7452,0,0.09533117711544037,2.191624402999878,3.7527313232421875,0,0
cell_8544,3.668091058731079,0.07680043578147888,4.635593414306641,0.31716784834861755,0.30710452795028687,0.21213193237781525
cell_424,0.378460556268692,0.2501722276210785,1.7163920402526855,1.026241660118103,3.1403918266296387,0.9067370891571045
cell_4239,0.19710810482501984,1.0178625583648682,0.05689322203397751,3.7620790004730225,0.1175372377038002,0
cell_504,2.967601776123047,0,0.025564981624484062,0,0.10116592794656754,0
cell_7181,4.618782043457031,3.7453603744506836,0.5739868879318237,1.4341102838516235,0.7644051313400269,1.4036529064178467
cell_4470,0.2153080850839615,0,0.48566383123397827,3.2399086952209473,0,0
cell_3049,4.0400776863098145,0.04323931410908699,4.2260236740112305,0,0.0737670511007309,0.2886243760585785
cell_7355,1.1251155138015747,0.7111526727676392,0,3.6212966442108154,0.15395720303058624,0
cell_2472,0,0.1528862714767456,1.3530465364456177,0.32318055629730225,0,2.3438870906829834
cell_4392,2.1687376499176025,2.530867099761963,0,0,0.13444209098815918,0.19067445397377014
cell_2534,4.047516822814941,3.658055543899536,0.6573999524116516,0.0773770809173584,0.11797206848859787,1.0008984804153442
cell_3524,0.32364028692245483,0.6545171141624451,0,1.1373339891433716,0.14327046275138855,1.6923394203186035
cell_3715,4.368407726287842,3.999723196029663,0.14371156692504883,0.28643861413002014,0.12577708065509796,1.7536689043045044
cell_9615,0.32918891310691833,0.1430060863494873,0.8690640330314636,0.9799220561981201,0.00651167705655098,2.521345376968384
cell_4350,4.127035140991211,1.3164337873458862,3.9431681632995605,0.9148795008659363,0,0
cell_5814,3.0692076683044434,3.488283395767212,0,0.5914488434791565,0.21473301947116852,0
cell_8946,3.9724040031433105,0.011311258189380169,4.444082736968994,0,0.5355490446090698,0
cell_4359,0,0.18827277421951294,2.922858476638794,0.4981670379638672,1.9429433345794678,0.9313396215438843
cell_8523,4.706655979156494,3.7690420150756836,1.19451105594635,0.6435741782188416,0.2081936150789261,0
cell_3508,3.1056716442108154,3.953120231628418,0.9002723693847656,0,0.4026823341846466,0.47958800196647644
cell_5410,4.175896644592285,2.6864349842071533,1.4865392446517944,0,0.3420472741127014,0
cell_3005,3.9059219360351562,0.6093438863754272,0,0.4103263318538666,0.6742544174194336,0.4874648451805115
cell_9024,4.641330242156982,3.3276562690734863,1.2988319396972656,0.8233831524848938,0.028732139617204666,0
cell_4580,4.753076553344727,3.5695786476135254,0,2.060197591781616,0.25828930735588074,0
cell_2347,0.6357719302177429,0,1.1200429201126099,3.8671960830688477,0,0
cell_1706,4.273556709289551,3.6647775173187256,0.25891152024269104,0.08800304681062698,0.4663373827934265,0.3031439781188965
cell_4384,3.034290313720703,0.18236884474754333,4.621424674987793,0,0.13340067863464355,0
cell_5629,3.855574131011963,4.231217861175537,0.9274288415908813,0.5971019268035889,0,1.2285338640213013
cell_6569,3.8468477725982666,0.35873356461524963,4.4499945640563965,0,0,0.6151944994926453
cell_4339,2.385108232498169,1.0927249193191528,0,0,0,0.08213308453559875
cell_1057,0.4095706641674042,0.5188353061676025,2.167188882827759,4.498501300811768,0,0.6334510445594788
cell_30,0.39620697498321533,0,0.40626969933509827,0,0,0.9621518850326538
cell_5891,0,0,0,4.335813999176025,0,0.09491810947656631
cell_4237,4.198153018951416,0.050259098410606384,4.110461235046387,0,0.3495154082775116,0
cell_7546,3.0082390308380127,3.290287494659424,0,1.0028965473175049,0,0.11240670084953308
cell_3736,4.115752696990967,3.1183314323425293,0.7144920229911804,0.3345077633857727,0.5130170583724976,0.6688141822814941
cell_5795,0.4375165104866028,0.14865602552890778,0,3.9577293395996094,0,0
cell_4058,3.856269598007202,0,4.383731842041016,0.32879650592803955,0.4251631796360016,1.0224288702011108
cell_2340,3.7803993225097656,0.5323634147644043,4.614719867706299,0.7180845141410828,0.44955679774284363,0
cell_5897,4.6634368896484375,2.7701141834259033,0.3649357259273529,1.1818662881851196,0.2636404037475586,0.567375898361206
cell_2836,0.6653338670730591,0,1.7756057977676392,4.425992012023926,0.076284259557724,0
cell_6117,0.13935422897338867,0.5833743214607239,0.390195369720459,4.231022357940674,0,0.050304681062698364
cell_3135,0.9866560697555542,0.1944945603609085,0.10780122131109238,0,2.76296329498291,0
cell_3498,4.698622703552246,3.5722222328186035,1.2466723918914795,1.2111992835998535,1.0117794275283813,0.7464727759361267
cell_7910,0.8041558861732483,0.2536698579788208,3.3748865127563477,0,2.299294948577881,0.13803121447563171
cell_3100,3.200103759765625,0.30764538049697876,4.368889808654785,1.2255035638809204,0,0.7851086258888245
cell_9319,3.296950340270996,0,4.968044281005859,0.9248208403587341,0.15772542357444763,0
cell_6798,2.950198173522949,0,4.405759334564209,0.9754201769828796,0.23725304007530212,0.18103563785552979
cell_1536,0,0.48358821868896484,1.188913345336914,1.5368796586990356,2.9986796379089355,0.1971846967935562
cell_4619,3.792684555053711,3.9202866554260254,0,1.018311619758606,0.06549474596977234,1.325985074043274
cell_7068,3.708019256591797,0.29069700837135315,3.363830804824829,0.6230804324150085,0.6033591032028198,0
cell_588,0.4011884033679962,0,2.0198895931243896,0.9929082989692688,0,1.021891474723816
cell_7203,0.9617931842803955,0,3.4189906120300293,4.359086036682129,0,0
cell_2286,0,0.3497889041900635,1.5422122478485107,1.985288143157959,0,0.6531453132629395
cell_1887,0.12735874950885773,0,2.1812005043029785,3.316706418991089,0,0.7061817049980164
cell_6037,3.3182201385498047,0,3.8156208992004395,1.0726819038391113,0,0.5712100863456726
cell_283,0.5474019050598145,0.8009619116783142,2.9253365993499756,0.08353524655103683,2.273193836212158,0
cell_5150,2.6798651218414307,0.040094152092933655,2.653102159500122,0.3987767994403839,0.09186086803674698,0.9534174203872681
cell_1069,2.5884668827056885,0.01997191458940506,3.608052968978882,1.7108955383300781,0,0
cell_2670,4.578010559082031,3.44081974029541,0.26386788487434387,0.1232738047838211,0.7809668779373169,0.23599335551261902
cell_8667,3.44716477394104,0.6404165625572205,0,0.13343645632266998,0.03728647530078888,0
cell_2525,3.752501964569092,0,3.112819194793701,1.877484917640686,0,0
cell_3611,4.4631853103637695,0,4.469568252563477,0,0,0.25040438771247864
cell_6885,3.7992069721221924,0,2.513153314590454,0,0,0
cell_9527,1.74443781375885,0,0.15664978325366974,2.840595245361328,0,0.010448061861097813
cell_6445,1.6801387071609497,0.8149136304855347,3.4213263988494873,0.8021510243415833,2.610623836517334,0.35032886266708374
cell_3089,3.7435030937194824,3.738006830215454,0,0.8911950588226318,0.05543152987957001,0.5967821478843689
cell_5108,4.814244747161865,3.8262412548065186,1.1250505447387695,1.1531460285186768,0.40880656242370605,1.8613741397857666
cell_2295,0,0.008610550314188004,1.9185036420822144,2.98122239112854,0.24623967707157135,0.43303751945495605
cell_3831,3.709897756576538,3.1060140132904053,1.1283663511276245,0,0.7972554564476013,0.3638523519039154
cell_6030,4.430656433105469,0,4.794730186462402,1.556957721710205,0.30051103234291077,0.03919824957847595
cell_9924,4.068057060241699,0.5576317310333252,3.0962321758270264,1.1612974405288696,0,0.7587677836418152
cell_3387,2.401561975479126,0.6254154443740845,4.339030742645264,0.1460765302181244,0,0.859647810459137
cell_5536,0.32964786887168884,1.4899545907974243,0,0.842244029045105,0.00588997034355998,3.2818498611450195
cell_9027,4.488227367401123,3.5993757247924805,1.237710952758789,0.9932883977890015,0.3537008464336395,0
cell_1295,0,0,0,0.6298187971115112,0.08200007677078247,0.31099337339401245
cell_1414,4.3075056076049805,0.7657343745231628,4.660853385925293,0.7706581354141235,0,1.2950167655944824
cell_1895,0.19321836531162262,0,0.6761956810951233,3.4227755069732666,0,0
cell_2192,3.5834648609161377,0.2048894464969635,3.4350340366363525,0,0,0.44726383686065674
cell_9287,0,0,2.1594016551971436,3.949289321899414,0.08918333798646927,0.4515239894390106
cell_6723,3.0623373985290527,0,4.910014629364014,0.6080582141876221,0.2317008078098297,0.46841681003570557
cell_3853,4.085484981536865,0,3.846303939819336,0,0.07595786452293396,0
cell_6884,0.8178687691688538,0.6247212290763855,0.8405218720436096,2.9463093280792236,0.3210500478744507,0
cell_8122,4.605442523956299,4.135261535644531,0,0.5214670896530151,0,1.3617714643478394
cell_8213,3.273444890975952,0.48312807083129883,4.465749263763428,0.5938121676445007,0.6439728140830994,0
cell_4663,0.46954166889190674,0.04998200014233589,1.642348289489746,0,2.278783082962036,0.08098872750997543
cell_3323,3.800403594970703,0.19942143559455872,4.74765157699585,1.1067287921905518,0,0
cell_3973,2.5221245288848877,2.891639232635498,0,0,0,0.8245168924331665
cell_5212,3.934877634048462,0,5.130208969116211,1.1316587924957275,0.10801193863153458,0
cell_2675,1.7150121927261353,0,1.6169747114181519,0,1.0883289575576782,2.5115232467651367
cell_7249,0,0.35951298475265503,1.8727455139160156,3.730637788772583,0,0.5510509014129639
cell_9079,5.093661308288574,3.8846728801727295,1.2695236206054688,1.4547978639602661,0.7888010144233704,0.9019096493721008
cell_2469,3.611473560333252,0.012106982991099358,4.08581018447876,0.8716285824775696,0,0
cell_4171,0.48981451988220215,0.03174867480993271,2.489645004272461,3.5665793418884277,0.6610280871391296,0.7246543765068054
cell_6506,1.2227678298950195,0.27758312225341797,2.6481242179870605,0.34022319316864014,1.4183917045593262,0.3375835120677948
